Inventory Id,Category,Project,Relative Path,Absolute Path,Line,Current Match,Current Token,Token Kind,Current State,Decision,Proposed Material Icon,Migration Status,Owner Subbundle,Validation Notes
ICON-001,icon-token-assignment,CanDoItAll.Components.Sandbox,src/CanDoItAll.Components.Sandbox/SandboxCanvasSamples.cs,C:\repositories\CanDoItAll\src\CanDoItAll.Components.Sandbox\SandboxCanvasSamples.cs,169,"Icon = ""WB"",",WB,shorthand badge,Token source or pass-through icon assignment needs mapping review.,Mapped,dashboard,Completed,04 Non-canvas app and module icon adoption,Code migration complete. dotnet build passes. Browser proof still pending.
ICON-002,icon-token-assignment,CanDoItAll.Components.Sandbox,src/CanDoItAll.Components.Sandbox/SandboxCanvasSamples.cs,C:\repositories\CanDoItAll\src\CanDoItAll.Components.Sandbox\SandboxCanvasSamples.cs,194,"Icon = ""FD"",",FD,shorthand badge,Token source or pass-through icon assignment needs mapping review.,Mapped,palette,Completed,04 Non-canvas app and module icon adoption,Code migration complete. dotnet build passes. Browser proof still pending.
ICON-003,icon-token-assignment,CanDoItAll.Components.Sandbox,src/CanDoItAll.Components.Sandbox/SandboxCanvasSamples.cs,C:\repositories\CanDoItAll\src\CanDoItAll.Components.Sandbox\SandboxCanvasSamples.cs,217,"Icon = ""IN"",",IN,shorthand badge,Token source or pass-through icon assignment needs mapping review.,Mapped,input,Completed,04 Non-canvas app and module icon adoption,Code migration complete. dotnet build passes. Browser proof still pending.
ICON-004,icon-token-assignment,CanDoItAll.Components.Sandbox,src/CanDoItAll.Components.Sandbox/SandboxCanvasSamples.cs,C:\repositories\CanDoItAll\src\CanDoItAll.Components.Sandbox\SandboxCanvasSamples.cs,240,"Icon = ""FB"",",FB,shorthand badge,Token source or pass-through icon assignment needs mapping review.,Mapped,feedback,Completed,04 Non-canvas app and module icon adoption,Code migration complete. dotnet build passes. Browser proof still pending.
ICON-005,icon-token-assignment,CanDoItAll.Components.Sandbox,src/CanDoItAll.Components.Sandbox/SandboxCanvasSamples.cs,C:\repositories\CanDoItAll\src\CanDoItAll.Components.Sandbox\SandboxCanvasSamples.cs,263,"Icon = ""CV"",",CV,shorthand badge,Token source or pass-through icon assignment needs mapping review.,Mapped,draw,Completed,04 Non-canvas app and module icon adoption,Code migration complete. dotnet build passes. Browser proof still pending.
ICON-006,icon-token-assignment,CanDoItAll.Components.Sandbox,src/CanDoItAll.Components.Sandbox/SandboxCanvasSamples.cs,C:\repositories\CanDoItAll\src\CanDoItAll.Components.Sandbox\SandboxCanvasSamples.cs,290,"Icon = ""PR"",",PR,shorthand badge,Token source or pass-through icon assignment needs mapping review.,Mapped,photo_camera,Completed,04 Non-canvas app and module icon adoption,Code migration complete. dotnet build passes. Browser proof still pending.
ICON-007,icon-token-assignment,CanDoItAll.Modules.Factory,src/CanDoItAll.Modules.Factory/PromptFactoryCanvasCatalog.cs,C:\repositories\CanDoItAll\src\CanDoItAll.Modules.Factory\PromptFactoryCanvasCatalog.cs,229,"Icon = ""clear"",",clear,named token,Token source or pass-through icon assignment needs mapping review.,Mapped,clear,Completed,04 Non-canvas app and module icon adoption,Token now resolves to a Material icon through direct source values or the shared catalog.
ICON-008,icon-token-assignment,CanDoItAll.Modules.Factory,src/CanDoItAll.Modules.Factory/PromptFactoryCanvasCatalog.cs,C:\repositories\CanDoItAll\src\CanDoItAll.Modules.Factory\PromptFactoryCanvasCatalog.cs,238,"Icon = ""audit"",",audit,named token,Token source or pass-through icon assignment needs mapping review.,Mapped,fact_check,Completed,04 Non-canvas app and module icon adoption,Token now resolves to a Material icon through direct source values or the shared catalog.
ICON-009,icon-token-assignment,CanDoItAll.Modules.Factory,src/CanDoItAll.Modules.Factory/PromptFactoryCanvasCatalog.cs,C:\repositories\CanDoItAll\src\CanDoItAll.Modules.Factory\PromptFactoryCanvasCatalog.cs,247,"Icon = ""flow"",",flow,named token,Token source or pass-through icon assignment needs mapping review.,Mapped,account_tree,Completed,04 Non-canvas app and module icon adoption,Token now resolves to a Material icon through direct source values or the shared catalog.
ICON-010,icon-token-assignment,CanDoItAll.Modules.Factory,src/CanDoItAll.Modules.Factory/PromptFactoryCanvasCatalog.cs,C:\repositories\CanDoItAll\src\CanDoItAll.Modules.Factory\PromptFactoryCanvasCatalog.cs,256,"Icon = ""support"",",support,named token,Token source or pass-through icon assignment needs mapping review.,Mapped,support_agent,Completed,04 Non-canvas app and module icon adoption,Token now resolves to a Material icon through direct source values or the shared catalog.
ICON-011,icon-token-assignment,CanDoItAll.Modules.Factory,src/CanDoItAll.Modules.Factory/PromptFactoryCanvasCatalog.cs,C:\repositories\CanDoItAll\src\CanDoItAll.Modules.Factory\PromptFactoryCanvasCatalog.cs,292,"Icon = ""clear"",",clear,named token,Token source or pass-through icon assignment needs mapping review.,Mapped,clear,Completed,04 Non-canvas app and module icon adoption,Token now resolves to a Material icon through direct source values or the shared catalog.
ICON-012,icon-token-assignment,CanDoItAll.Modules.Factory,src/CanDoItAll.Modules.Factory/PromptFactoryCanvasCatalog.cs,C:\repositories\CanDoItAll\src\CanDoItAll.Modules.Factory\PromptFactoryCanvasCatalog.cs,314,"Icon = ""clear"",",clear,named token,Token source or pass-through icon assignment needs mapping review.,Mapped,clear,Completed,04 Non-canvas app and module icon adoption,Token now resolves to a Material icon through direct source values or the shared catalog.
ICON-013,icon-token-assignment,CanDoItAll.Modules.Factory,src/CanDoItAll.Modules.Factory/PromptFactoryCanvasCatalog.cs,C:\repositories\CanDoItAll\src\CanDoItAll.Modules.Factory\PromptFactoryCanvasCatalog.cs,329,"Icon = ""prompt"",",prompt,named token,Token source or pass-through icon assignment needs mapping review.,Mapped,auto_awesome,Completed,04 Non-canvas app and module icon adoption,Token now resolves to a Material icon through direct source values or the shared catalog.
ICON-014,icon-token-assignment,CanDoItAll.Modules.Factory,src/CanDoItAll.Modules.Factory/PromptFactoryCanvasCatalog.cs,C:\repositories\CanDoItAll\src\CanDoItAll.Modules.Factory\PromptFactoryCanvasCatalog.cs,340,"Icon = ResolveGroupIcon(group.Key),",,none,Token source or pass-through icon assignment needs mapping review.,Mapped,Dynamic material mapping,Completed,04 Non-canvas app and module icon adoption,Expression-based icon source now renders through the shared Material icon component.
ICON-015,icon-token-assignment,CanDoItAll.Modules.Factory,src/CanDoItAll.Modules.Factory/PromptFactoryCanvasCatalog.cs,C:\repositories\CanDoItAll\src\CanDoItAll.Modules.Factory\PromptFactoryCanvasCatalog.cs,356,"Icon = ResolveBlockIcon(block.BlockKind),",,none,Token source or pass-through icon assignment needs mapping review.,Mapped,Dynamic material mapping,Completed,04 Non-canvas app and module icon adoption,Expression-based icon source now renders through the shared Material icon component.
ICON-016,icon-token-assignment,CanDoItAll.Modules.Factory,src/CanDoItAll.Modules.Factory/PromptFactoryCanvasCatalog.cs,C:\repositories\CanDoItAll\src\CanDoItAll.Modules.Factory\PromptFactoryCanvasCatalog.cs,374,"Icon = ""flow"",",flow,named token,Token source or pass-through icon assignment needs mapping review.,Mapped,account_tree,Completed,04 Non-canvas app and module icon adoption,Token now resolves to a Material icon through direct source values or the shared catalog.
ICON-017,icon-token-assignment,CanDoItAll.Modules.Factory,src/CanDoItAll.Modules.Factory/PromptFactoryCanvasCatalog.cs,C:\repositories\CanDoItAll\src\CanDoItAll.Modules.Factory\PromptFactoryCanvasCatalog.cs,383,"Icon = section.Icon,",,none,Token source or pass-through icon assignment needs mapping review.,Mapped,Dynamic material mapping,Completed,04 Non-canvas app and module icon adoption,Expression-based icon source now renders through the shared Material icon component.
ICON-018,icon-token-assignment,CanDoItAll.Modules.Factory,src/CanDoItAll.Modules.Factory/PromptFactoryCanvasCatalog.cs,C:\repositories\CanDoItAll\src\CanDoItAll.Modules.Factory\PromptFactoryCanvasCatalog.cs,394,"Icon = ""flow"",",flow,named token,Token source or pass-through icon assignment needs mapping review.,Mapped,account_tree,Completed,04 Non-canvas app and module icon adoption,Token now resolves to a Material icon through direct source values or the shared catalog.
ICON-019,icon-token-assignment,CanDoItAll.Modules.Factory,src/CanDoItAll.Modules.Factory/PromptFactoryCanvasCatalog.cs,C:\repositories\CanDoItAll\src\CanDoItAll.Modules.Factory\PromptFactoryCanvasCatalog.cs,409,"Icon = ""feature"",",feature,named token,Token source or pass-through icon assignment needs mapping review.,Mapped,star,Completed,04 Non-canvas app and module icon adoption,Token now resolves to a Material icon through direct source values or the shared catalog.
ICON-020,icon-token-assignment,CanDoItAll.Modules.Factory,src/CanDoItAll.Modules.Factory/PromptFactoryCanvasCatalog.cs,C:\repositories\CanDoItAll\src\CanDoItAll.Modules.Factory\PromptFactoryCanvasCatalog.cs,418,"Icon = section.Icon,",,none,Token source or pass-through icon assignment needs mapping review.,Mapped,Dynamic material mapping,Completed,04 Non-canvas app and module icon adoption,Expression-based icon source now renders through the shared Material icon component.
ICON-021,icon-token-assignment,CanDoItAll.Modules.Factory,src/CanDoItAll.Modules.Factory/PromptFactoryCanvasCatalog.cs,C:\repositories\CanDoItAll\src\CanDoItAll.Modules.Factory\PromptFactoryCanvasCatalog.cs,429,"Icon = ""prompt"",",prompt,named token,Token source or pass-through icon assignment needs mapping review.,Mapped,auto_awesome,Completed,04 Non-canvas app and module icon adoption,Token now resolves to a Material icon through direct source values or the shared catalog.
ICON-022,icon-token-assignment,CanDoItAll.Modules.Factory,src/CanDoItAll.Modules.Factory/PromptFactoryCanvasCatalog.cs,C:\repositories\CanDoItAll\src\CanDoItAll.Modules.Factory\PromptFactoryCanvasCatalog.cs,444,"Icon = ""file"",",file,named token,Token source or pass-through icon assignment needs mapping review.,Mapped,insert_drive_file,Completed,04 Non-canvas app and module icon adoption,Token now resolves to a Material icon through direct source values or the shared catalog.
ICON-023,icon-token-assignment,CanDoItAll.Modules.Factory,src/CanDoItAll.Modules.Factory/PromptFactoryCanvasCatalog.cs,C:\repositories\CanDoItAll\src\CanDoItAll.Modules.Factory\PromptFactoryCanvasCatalog.cs,453,"Icon = definition.Icon,",,none,Token source or pass-through icon assignment needs mapping review.,Mapped,Dynamic material mapping,Completed,04 Non-canvas app and module icon adoption,Expression-based icon source now renders through the shared Material icon component.
ICON-024,icon-token-assignment,CanDoItAll.Modules.Factory,src/CanDoItAll.Modules.Factory/PromptFactoryCanvasCatalog.cs,C:\repositories\CanDoItAll\src\CanDoItAll.Modules.Factory\PromptFactoryCanvasCatalog.cs,480,"Icon = ""clear"",",clear,named token,Token source or pass-through icon assignment needs mapping review.,Mapped,clear,Completed,04 Non-canvas app and module icon adoption,Token now resolves to a Material icon through direct source values or the shared catalog.
ICON-025,icon-token-assignment,CanDoItAll.Modules.Workbench,src/CanDoItAll.Modules.Workbench/ProjectStructureCanvasCatalog.cs,C:\repositories\CanDoItAll\src\CanDoItAll.Modules.Workbench\ProjectStructureCanvasCatalog.cs,325,"Icon = group.Icon,",,none,Token source or pass-through icon assignment needs mapping review.,Mapped,Dynamic material mapping,Completed,"05 Workbench, canvas, and closure validation",Expression-based icon source now renders through the shared Material icon component.
ICON-026,icon-token-assignment,CanDoItAll.Modules.Workbench,src/CanDoItAll.Modules.Workbench/ProjectStructureCanvasCatalog.cs,C:\repositories\CanDoItAll\src\CanDoItAll.Modules.Workbench\ProjectStructureCanvasCatalog.cs,343,"Icon = definition.Icon,",,none,Token source or pass-through icon assignment needs mapping review.,Mapped,Dynamic material mapping,Completed,"05 Workbench, canvas, and closure validation",Expression-based icon source now renders through the shared Material icon component.
ICON-027,icon-token-assignment,CanDoItAll.Modules.Workbench,src/CanDoItAll.Modules.Workbench/ProjectStructureSummaryModels.cs,C:\repositories\CanDoItAll\src\CanDoItAll.Modules.Workbench\ProjectStructureSummaryModels.cs,272,"<Override PartName=""/xl/workbook.xml"" ContentType=""application/vnd.openxmlformats-officedocument.spreadsheetml.sheet.main+xml"" />",/xl/workbook.xml,expression or mixed token,Token source or pass-through icon assignment needs mapping review.,Exclude,,Excluded - false positive,"05 Workbench, canvas, and closure validation",False positive from spreadsheet path string; no icon migration required.
ICON-028,icon-token-assignment,CanDoItAll.Modules.Workbench,src/CanDoItAll.Modules.Workbench/ProjectStructureSummaryModels.cs,C:\repositories\CanDoItAll\src\CanDoItAll.Modules.Workbench\ProjectStructureSummaryModels.cs,273,"<Override PartName=""/xl/worksheets/sheet1.xml"" ContentType=""application/vnd.openxmlformats-officedocument.spreadsheetml.worksheet+xml"" />",/xl/worksheets/sheet1.xml,expression or mixed token,Token source or pass-through icon assignment needs mapping review.,Exclude,,Excluded - false positive,"05 Workbench, canvas, and closure validation",False positive from spreadsheet path string; no icon migration required.
ICON-029,raw-icon-markup,CanDoItAll.Components,src/CanDoItAll.Components/Components/AppShell.razor,C:\repositories\CanDoItAll\src\CanDoItAll.Components\Components\AppShell.razor,54,"<span class=""cda-shell-nav-icon"">@item.Icon</span>",@item.Icon,dynamic expression,Literal glyph/text icon bypasses the shared icon abstraction.,Mapped,Material icon component,Completed,03 BaseLib and legacy shared-component icon migration,Code migration complete. dotnet build passes. Browser proof still pending.
ICON-030,raw-icon-markup,CanDoItAll.Components,src/CanDoItAll.Components/Components/AppShell.razor,C:\repositories\CanDoItAll\src\CanDoItAll.Components\Components\AppShell.razor,130,"<span class=""cda-eyebrow @(isActive ? ""text-slate-200"" : ""text-slate-500"")"">@item.Icon</span>",@item.Icon,dynamic expression,Literal glyph/text icon bypasses the shared icon abstraction.,Mapped,Material icon component,Completed,03 BaseLib and legacy shared-component icon migration,Code migration complete. dotnet build passes. Browser proof still pending.
ICON-031,raw-icon-markup,CanDoItAll.Components,src/CanDoItAll.Components/Components/AppTabStrip.razor,C:\repositories\CanDoItAll\src\CanDoItAll.Components\Components\AppTabStrip.razor,45,"<span class=""cda-tab-menu__badge"">zZ</span>",zZ,raw glyph or text icon,Literal glyph/text icon bypasses the shared icon abstraction.,Mapped,bedtime,Completed,03 BaseLib and legacy shared-component icon migration,Code migration complete. dotnet build passes. Browser proof still pending.
ICON-032,raw-icon-markup,CanDoItAll.Components,src/CanDoItAll.Components/Components/AppTabStrip.razor,C:\repositories\CanDoItAll\src\CanDoItAll.Components\Components\AppTabStrip.razor,196,"<span class=""text-[9px] font-semibold uppercase text-sky-400"">pin</span>",pin,raw glyph or text icon,Literal glyph/text icon bypasses the shared icon abstraction.,Mapped,pin,Completed,03 BaseLib and legacy shared-component icon migration,Code migration complete. dotnet build passes. Browser proof still pending.
ICON-033,raw-icon-markup,CanDoItAll.Components,src/CanDoItAll.Components/Components/AppTabStrip.razor,C:\repositories\CanDoItAll\src\CanDoItAll.Components\Components\AppTabStrip.razor,201,"<button type=""button"" class=""cda-inline-tab__action"" title=""Move left"" @onclick=""() => MoveLeft.InvokeAsync(tab.TabId)"">&#x2039;</button>",single_left_angle,raw glyph or text icon,Literal glyph/text icon bypasses the shared icon abstraction.,Mapped,single_left_angle,Completed,03 BaseLib and legacy shared-component icon migration,Code migration complete. dotnet build passes. Browser proof still pending.
ICON-034,raw-icon-markup,CanDoItAll.Components,src/CanDoItAll.Components/Components/AppTabStrip.razor,C:\repositories\CanDoItAll\src\CanDoItAll.Components\Components\AppTabStrip.razor,202,"<button type=""button"" class=""cda-inline-tab__action"" title=""Move right"" @onclick=""() => MoveRight.InvokeAsync(tab.TabId)"">&#x203A;</button>",single_right_angle,raw glyph or text icon,Literal glyph/text icon bypasses the shared icon abstraction.,Mapped,single_right_angle,Completed,03 BaseLib and legacy shared-component icon migration,Code migration complete. dotnet build passes. Browser proof still pending.
ICON-035,raw-icon-markup,CanDoItAll.Components,src/CanDoItAll.Components/Components/AppTabStrip.razor,C:\repositories\CanDoItAll\src\CanDoItAll.Components\Components\AppTabStrip.razor,203,"<button type=""button"" class=""cda-inline-tab__action"" title=""Pin tab"" @onclick=""() => TogglePin.InvokeAsync(tab.TabId)"">pin</button>",pin,raw glyph or text icon,Literal glyph/text icon bypasses the shared icon abstraction.,Mapped,pin,Completed,03 BaseLib and legacy shared-component icon migration,Code migration complete. dotnet build passes. Browser proof still pending.
ICON-036,raw-icon-markup,CanDoItAll.Components,src/CanDoItAll.Components/Components/AppTabStrip.razor,C:\repositories\CanDoItAll\src\CanDoItAll.Components\Components\AppTabStrip.razor,204,"<button type=""button"" class=""cda-inline-tab__action"" title=""Sleep/wake"" @onclick=""() => ToggleSleep.InvokeAsync(tab.TabId)"">zZ</button>",zZ,raw glyph or text icon,Literal glyph/text icon bypasses the shared icon abstraction.,Mapped,bedtime,Completed,03 BaseLib and legacy shared-component icon migration,Code migration complete. dotnet build passes. Browser proof still pending.
ICON-037,raw-icon-markup,CanDoItAll.Components,src/CanDoItAll.Components/Components/AppTabStrip.razor,C:\repositories\CanDoItAll\src\CanDoItAll.Components\Components\AppTabStrip.razor,207,"<button type=""button"" class=""cda-inline-tab__action"" title=""Close tab"" @onclick=""() => Close.InvokeAsync(tab.TabId)"">x</button>",x,raw glyph or text icon,Literal glyph/text icon bypasses the shared icon abstraction.,Mapped,close,Completed,03 BaseLib and legacy shared-component icon migration,Code migration complete. dotnet build passes. Browser proof still pending.
ICON-038,fontawesome-renderer,CanDoItAll.Components,src/CanDoItAll.Components/Components/Button.razor,C:\repositories\CanDoItAll\src\CanDoItAll.Components\Components\Button.razor,3,var iconCssClass = ResolveIconCssClass(Icon);,,none,Renderer or helper still targets Font Awesome CSS classes.,Mapped,Material icon component,Completed,02 Local Material Icons foundation and shared renderer conversion,Code migration complete. dotnet build passes. Browser proof still pending.
ICON-039,fontawesome-renderer,CanDoItAll.Components,src/CanDoItAll.Components/Components/Button.razor,C:\repositories\CanDoItAll\src\CanDoItAll.Components\Components\Button.razor,17,"<i class=""@($""rz-fa-icon {iconCssClass}"")"" aria-hidden=""true""></i>",,none,Renderer or helper still targets Font Awesome CSS classes.,Mapped,Material icon component,Completed,02 Local Material Icons foundation and shared renderer conversion,Code migration complete. dotnet build passes. Browser proof still pending.
ICON-040,fontawesome-renderer,CanDoItAll.Components,src/CanDoItAll.Components/Components/Button.razor,C:\repositories\CanDoItAll\src\CanDoItAll.Components\Components\Button.razor,74,private static string? ResolveIconCssClass(string? iconToken),,none,Renderer or helper still targets Font Awesome CSS classes.,Mapped,Material icon component,Completed,02 Local Material Icons foundation and shared renderer conversion,Code migration complete. dotnet build passes. Browser proof still pending.
ICON-041,fontawesome-renderer,CanDoItAll.Components,src/CanDoItAll.Components/Components/Button.razor,C:\repositories\CanDoItAll\src\CanDoItAll.Components\Components\Button.razor,76,"if (FontAwesomeIconCatalog.TryResolveCssClass(iconToken, out var cssClass))",,none,Renderer or helper still targets Font Awesome CSS classes.,Mapped,Material icon component,Completed,02 Local Material Icons foundation and shared renderer conversion,Code migration complete. dotnet build passes. Browser proof still pending.
ICON-042,fontawesome-renderer,CanDoItAll.Components,src/CanDoItAll.Components/Components/FontAwesomeIconCatalog.cs,C:\repositories\CanDoItAll\src\CanDoItAll.Components\Components\FontAwesomeIconCatalog.cs,3,internal static class FontAwesomeIconCatalog,,none,Renderer or helper still targets Font Awesome CSS classes.,Mapped,Material icon component,Completed,02 Local Material Icons foundation and shared renderer conversion,Code migration complete. dotnet build passes. Browser proof still pending.
ICON-043,fontawesome-renderer,CanDoItAll.Components,src/CanDoItAll.Components/Components/Icon.razor,C:\repositories\CanDoItAll\src\CanDoItAll.Components\Components\Icon.razor,4,var iconCssClass = ResolveIconCssClass(Name);,,none,Renderer or helper still targets Font Awesome CSS classes.,Mapped,Material icon component,Completed,02 Local Material Icons foundation and shared renderer conversion,Code migration complete. dotnet build passes. Browser proof still pending.
ICON-044,fontawesome-renderer,CanDoItAll.Components,src/CanDoItAll.Components/Components/Icon.razor,C:\repositories\CanDoItAll\src\CanDoItAll.Components\Components\Icon.razor,7,"<i @attributes='AdditionalAttributes.WithClass($""rz-icon rz-fa-icon {iconCssClass}"")' aria-hidden=""true""></i>",,none,Renderer or helper still targets Font Awesome CSS classes.,Mapped,Material icon component,Completed,02 Local Material Icons foundation and shared renderer conversion,Code migration complete. dotnet build passes. Browser proof still pending.
ICON-045,fontawesome-renderer,CanDoItAll.Components,src/CanDoItAll.Components/Components/Icon.razor,C:\repositories\CanDoItAll\src\CanDoItAll.Components\Components\Icon.razor,22,private static string? ResolveIconCssClass(string? iconToken),,none,Renderer or helper still targets Font Awesome CSS classes.,Mapped,Material icon component,Completed,02 Local Material Icons foundation and shared renderer conversion,Code migration complete. dotnet build passes. Browser proof still pending.
ICON-046,fontawesome-renderer,CanDoItAll.Components,src/CanDoItAll.Components/Components/Icon.razor,C:\repositories\CanDoItAll\src\CanDoItAll.Components\Components\Icon.razor,24,"if (FontAwesomeIconCatalog.TryResolveCssClass(iconToken, out var cssClass))",,none,Renderer or helper still targets Font Awesome CSS classes.,Mapped,Material icon component,Completed,02 Local Material Icons foundation and shared renderer conversion,Code migration complete. dotnet build passes. Browser proof still pending.
ICON-047,fontawesome-renderer,CanDoItAll.Components,src/CanDoItAll.Components/Components/Steps.razor,C:\repositories\CanDoItAll\src\CanDoItAll.Components\Components\Steps.razor,22,var iconCssClass = ResolveIconCssClass(item.Icon);,,none,Renderer or helper still targets Font Awesome CSS classes.,Mapped,Material icon component,Completed,02 Local Material Icons foundation and shared renderer conversion,Code migration complete. dotnet build passes. Browser proof still pending.
ICON-048,fontawesome-renderer,CanDoItAll.Components,src/CanDoItAll.Components/Components/Steps.razor,C:\repositories\CanDoItAll\src\CanDoItAll.Components\Components\Steps.razor,32,"<i class=""@($""rz-fa-icon {iconCssClass}"")"" aria-hidden=""true""></i>",,none,Renderer or helper still targets Font Awesome CSS classes.,Mapped,Material icon component,Completed,02 Local Material Icons foundation and shared renderer conversion,Code migration complete. dotnet build passes. Browser proof still pending.
ICON-049,raw-icon-markup,CanDoItAll.Components,src/CanDoItAll.Components/Components/Steps.razor,C:\repositories\CanDoItAll\src\CanDoItAll.Components\Components\Steps.razor,36,"<span class=""rz-icon-fallback"" title=""@($""Unknown icon token: {item.Icon}"")"" aria-hidden=""true"">@item.Icon</span>",@item.Icon,dynamic expression,Literal glyph/text icon bypasses the shared icon abstraction.,Mapped,Material icon component,Completed,03 BaseLib and legacy shared-component icon migration,Code migration complete. dotnet build passes. Browser proof still pending.
ICON-050,fontawesome-renderer,CanDoItAll.Components,src/CanDoItAll.Components/Components/Steps.razor,C:\repositories\CanDoItAll\src\CanDoItAll.Components\Components\Steps.razor,153,private static string? ResolveIconCssClass(string? iconToken),,none,Renderer or helper still targets Font Awesome CSS classes.,Mapped,Material icon component,Completed,02 Local Material Icons foundation and shared renderer conversion,Code migration complete. dotnet build passes. Browser proof still pending.
ICON-051,fontawesome-renderer,CanDoItAll.Components,src/CanDoItAll.Components/Components/Steps.razor,C:\repositories\CanDoItAll\src\CanDoItAll.Components\Components\Steps.razor,155,"if (FontAwesomeIconCatalog.TryResolveCssClass(iconToken, out var cssClass))",,none,Renderer or helper still targets Font Awesome CSS classes.,Mapped,Material icon component,Completed,02 Local Material Icons foundation and shared renderer conversion,Code migration complete. dotnet build passes. Browser proof still pending.
ICON-052,fontawesome-renderer,CanDoItAll.Components,src/CanDoItAll.Components/Components/Tabs.razor,C:\repositories\CanDoItAll\src\CanDoItAll.Components\Components\Tabs.razor,26,var iconCssClass = ResolveIconCssClass(tab.Icon);,,none,Renderer or helper still targets Font Awesome CSS classes.,Mapped,Material icon component,Completed,02 Local Material Icons foundation and shared renderer conversion,Code migration complete. dotnet build passes. Browser proof still pending.
ICON-053,fontawesome-renderer,CanDoItAll.Components,src/CanDoItAll.Components/Components/Tabs.razor,C:\repositories\CanDoItAll\src\CanDoItAll.Components\Components\Tabs.razor,32,"<i class=""@($""rz-fa-icon {iconCssClass}"")"" aria-hidden=""true""></i>",,none,Renderer or helper still targets Font Awesome CSS classes.,Mapped,Material icon component,Completed,02 Local Material Icons foundation and shared renderer conversion,Code migration complete. dotnet build passes. Browser proof still pending.
ICON-054,fontawesome-renderer,CanDoItAll.Components,src/CanDoItAll.Components/Components/Tabs.razor,C:\repositories\CanDoItAll\src\CanDoItAll.Components\Components\Tabs.razor,120,private static string? ResolveIconCssClass(string? iconToken),,none,Renderer or helper still targets Font Awesome CSS classes.,Mapped,Material icon component,Completed,02 Local Material Icons foundation and shared renderer conversion,Code migration complete. dotnet build passes. Browser proof still pending.
ICON-055,fontawesome-renderer,CanDoItAll.Components,src/CanDoItAll.Components/Components/Tabs.razor,C:\repositories\CanDoItAll\src\CanDoItAll.Components\Components\Tabs.razor,122,"if (FontAwesomeIconCatalog.TryResolveCssClass(iconToken, out var cssClass))",,none,Renderer or helper still targets Font Awesome CSS classes.,Mapped,Material icon component,Completed,02 Local Material Icons foundation and shared renderer conversion,Code migration complete. dotnet build passes. Browser proof still pending.
ICON-056,fontawesome-renderer,CanDoItAll.Components.BaseLib,src/CanDoItAll.Components.BaseLib/Components/Buttons/Button.razor,C:\repositories\CanDoItAll\src\CanDoItAll.Components.BaseLib\Components\Buttons\Button.razor,4,var iconCssClass = ResolveIconCssClass(Icon);,,none,Renderer or helper still targets Font Awesome CSS classes.,Mapped,Material icon component,Completed,02 Local Material Icons foundation and shared renderer conversion,Code migration complete. dotnet build passes. Browser proof still pending.
ICON-057,fontawesome-renderer,CanDoItAll.Components.BaseLib,src/CanDoItAll.Components.BaseLib/Components/Buttons/Button.razor,C:\repositories\CanDoItAll\src\CanDoItAll.Components.BaseLib\Components\Buttons\Button.razor,89,private static string? ResolveIconCssClass(string? iconToken),,none,Renderer or helper still targets Font Awesome CSS classes.,Mapped,Material icon component,Completed,02 Local Material Icons foundation and shared renderer conversion,Code migration complete. dotnet build passes. Browser proof still pending.
ICON-058,fontawesome-renderer,CanDoItAll.Components.BaseLib,src/CanDoItAll.Components.BaseLib/Components/Buttons/Button.razor,C:\repositories\CanDoItAll\src\CanDoItAll.Components.BaseLib\Components\Buttons\Button.razor,91,"if (FontAwesomeIconCatalog.TryResolveCssClass(iconToken, out var cssClass))",,none,Renderer or helper still targets Font Awesome CSS classes.,Mapped,Material icon component,Completed,02 Local Material Icons foundation and shared renderer conversion,Code migration complete. dotnet build passes. Browser proof still pending.
ICON-059,fontawesome-renderer,CanDoItAll.Components.BaseLib,src/CanDoItAll.Components.BaseLib/Components/Buttons/Button.razor,C:\repositories\CanDoItAll\src\CanDoItAll.Components.BaseLib\Components\Buttons\Button.razor,147,"builder.AddAttribute(sequence++, ""class"", $""rz-fa-icon {iconCssClass}"");",,none,Renderer or helper still targets Font Awesome CSS classes.,Mapped,Material icon component,Completed,02 Local Material Icons foundation and shared renderer conversion,Code migration complete. dotnet build passes. Browser proof still pending.
ICON-060,"icon-component-usage, icon-token-assignment",CanDoItAll.Components.BaseLib,src/CanDoItAll.Components.BaseLib/Components/Cards/CardStatsWithNumber.razor,C:\repositories\CanDoItAll\src\CanDoItAll.Components.BaseLib\Components\Cards\CardStatsWithNumber.razor,8,"<Icon Name=""@Icon"" />",@Icon,dynamic expression,Shared Icon component call site needs token review after foundation change.,Mapped,Material icon component,Completed,03 BaseLib and legacy shared-component icon migration,Shared Icon component now renders local Material Icons.
ICON-061,raw-icon-markup,CanDoItAll.Components.BaseLib,src/CanDoItAll.Components.BaseLib/Components/Forms/TagEditor.razor,C:\repositories\CanDoItAll\src\CanDoItAll.Components.BaseLib\Components\Forms\TagEditor.razor,14,"<span class=""zy-tag-textedit__chip-x"" aria-hidden=""true"">&times;</span>",times,raw glyph or text icon,Literal glyph/text icon bypasses the shared icon abstraction.,Mapped,times,Completed,03 BaseLib and legacy shared-component icon migration,Code migration complete. dotnet build passes. Browser proof still pending.
ICON-062,fontawesome-renderer,CanDoItAll.Components.BaseLib,src/CanDoItAll.Components.BaseLib/Components/Identity/FontAwesomeIconCatalog.cs,C:\repositories\CanDoItAll\src\CanDoItAll.Components.BaseLib\Components\Identity\FontAwesomeIconCatalog.cs,3,internal static class FontAwesomeIconCatalog,,none,Renderer or helper still targets Font Awesome CSS classes.,Mapped,Material icon component,Completed,02 Local Material Icons foundation and shared renderer conversion,Code migration complete. dotnet build passes. Browser proof still pending.
ICON-063,fontawesome-renderer,CanDoItAll.Components.BaseLib,src/CanDoItAll.Components.BaseLib/Components/Identity/Icon.razor,C:\repositories\CanDoItAll\src\CanDoItAll.Components.BaseLib\Components\Identity\Icon.razor,5,var iconCssClass = ResolveIconCssClass(Name);,,none,Renderer or helper still targets Font Awesome CSS classes.,Mapped,Material icon component,Completed,02 Local Material Icons foundation and shared renderer conversion,Code migration complete. dotnet build passes. Browser proof still pending.
ICON-064,fontawesome-renderer,CanDoItAll.Components.BaseLib,src/CanDoItAll.Components.BaseLib/Components/Identity/Icon.razor,C:\repositories\CanDoItAll\src\CanDoItAll.Components.BaseLib\Components\Identity\Icon.razor,8,"<i @attributes='BuildAttributes($""rz-icon rz-fa-icon {iconCssClass}"")' aria-hidden=""true""></i>",,none,Renderer or helper still targets Font Awesome CSS classes.,Mapped,Material icon component,Completed,02 Local Material Icons foundation and shared renderer conversion,Code migration complete. dotnet build passes. Browser proof still pending.
ICON-065,fontawesome-renderer,CanDoItAll.Components.BaseLib,src/CanDoItAll.Components.BaseLib/Components/Identity/Icon.razor,C:\repositories\CanDoItAll\src\CanDoItAll.Components.BaseLib\Components\Identity\Icon.razor,20,private static string? ResolveIconCssClass(string? iconToken),,none,Renderer or helper still targets Font Awesome CSS classes.,Mapped,Material icon component,Completed,02 Local Material Icons foundation and shared renderer conversion,Code migration complete. dotnet build passes. Browser proof still pending.
ICON-066,fontawesome-renderer,CanDoItAll.Components.BaseLib,src/CanDoItAll.Components.BaseLib/Components/Identity/Icon.razor,C:\repositories\CanDoItAll\src\CanDoItAll.Components.BaseLib\Components\Identity\Icon.razor,22,"if (FontAwesomeIconCatalog.TryResolveCssClass(iconToken, out var cssClass))",,none,Renderer or helper still targets Font Awesome CSS classes.,Mapped,Material icon component,Completed,02 Local Material Icons foundation and shared renderer conversion,Code migration complete. dotnet build passes. Browser proof still pending.
ICON-067,raw-icon-markup,CanDoItAll.Components.BaseLib,src/CanDoItAll.Components.BaseLib/Components/Modals/Dialog.razor,C:\repositories\CanDoItAll\src\CanDoItAll.Components.BaseLib\Components\Modals\Dialog.razor,53,"<span aria-hidden=""true"">x</span>",x,raw glyph or text icon,Literal glyph/text icon bypasses the shared icon abstraction.,Mapped,close,Completed,03 BaseLib and legacy shared-component icon migration,Code migration complete. dotnet build passes. Browser proof still pending.
ICON-068,fontawesome-renderer,CanDoItAll.Components.BaseLib,src/CanDoItAll.Components.BaseLib/Components/Navigation/Steps.razor,C:\repositories\CanDoItAll\src\CanDoItAll.Components.BaseLib\Components\Navigation\Steps.razor,26,var iconCssClass = ResolveIconCssClass(item.Icon);,,none,Renderer or helper still targets Font Awesome CSS classes.,Mapped,Material icon component,Completed,02 Local Material Icons foundation and shared renderer conversion,Code migration complete. dotnet build passes. Browser proof still pending.
ICON-069,fontawesome-renderer,CanDoItAll.Components.BaseLib,src/CanDoItAll.Components.BaseLib/Components/Navigation/Steps.razor,C:\repositories\CanDoItAll\src\CanDoItAll.Components.BaseLib\Components\Navigation\Steps.razor,51,"<i class=""@($""rz-fa-icon {iconCssClass}"")"" aria-hidden=""true""></i>",,none,Renderer or helper still targets Font Awesome CSS classes.,Mapped,Material icon component,Completed,02 Local Material Icons foundation and shared renderer conversion,Code migration complete. dotnet build passes. Browser proof still pending.
ICON-070,raw-icon-markup,CanDoItAll.Components.BaseLib,src/CanDoItAll.Components.BaseLib/Components/Navigation/Steps.razor,C:\repositories\CanDoItAll\src\CanDoItAll.Components.BaseLib\Components\Navigation\Steps.razor,55,"<span class=""rz-icon-fallback"" title=""@($""Unknown icon token: {item.Icon}"")"" aria-hidden=""true"">@item.Icon</span>",@item.Icon,dynamic expression,Literal glyph/text icon bypasses the shared icon abstraction.,Mapped,Material icon component,Completed,03 BaseLib and legacy shared-component icon migration,Code migration complete. dotnet build passes. Browser proof still pending.
ICON-071,fontawesome-renderer,CanDoItAll.Components.BaseLib,src/CanDoItAll.Components.BaseLib/Components/Navigation/Steps.razor,C:\repositories\CanDoItAll\src\CanDoItAll.Components.BaseLib\Components\Navigation\Steps.razor,378,private static string? ResolveIconCssClass(string? iconToken),,none,Renderer or helper still targets Font Awesome CSS classes.,Mapped,Material icon component,Completed,02 Local Material Icons foundation and shared renderer conversion,Code migration complete. dotnet build passes. Browser proof still pending.
ICON-072,fontawesome-renderer,CanDoItAll.Components.BaseLib,src/CanDoItAll.Components.BaseLib/Components/Navigation/Steps.razor,C:\repositories\CanDoItAll\src\CanDoItAll.Components.BaseLib\Components\Navigation\Steps.razor,380,"if (FontAwesomeIconCatalog.TryResolveCssClass(iconToken, out var cssClass))",,none,Renderer or helper still targets Font Awesome CSS classes.,Mapped,Material icon component,Completed,02 Local Material Icons foundation and shared renderer conversion,Code migration complete. dotnet build passes. Browser proof still pending.
ICON-073,fontawesome-renderer,CanDoItAll.Components.BaseLib,src/CanDoItAll.Components.BaseLib/Components/Navigation/Tabs.razor,C:\repositories\CanDoItAll\src\CanDoItAll.Components.BaseLib\Components\Navigation\Tabs.razor,36,var iconCssClass = ResolveIconCssClass(tab.Icon);,,none,Renderer or helper still targets Font Awesome CSS classes.,Mapped,Material icon component,Completed,02 Local Material Icons foundation and shared renderer conversion,Code migration complete. dotnet build passes. Browser proof still pending.
ICON-074,fontawesome-renderer,CanDoItAll.Components.BaseLib,src/CanDoItAll.Components.BaseLib/Components/Navigation/Tabs.razor,C:\repositories\CanDoItAll\src\CanDoItAll.Components.BaseLib\Components\Navigation\Tabs.razor,57,"<i class=""@($""rz-fa-icon {iconCssClass} zy-tabs__icon"")"" aria-hidden=""true""></i>",,none,Renderer or helper still targets Font Awesome CSS classes.,Mapped,Material icon component,Completed,02 Local Material Icons foundation and shared renderer conversion,Code migration complete. dotnet build passes. Browser proof still pending.
ICON-075,fontawesome-renderer,CanDoItAll.Components.BaseLib,src/CanDoItAll.Components.BaseLib/Components/Navigation/Tabs.razor,C:\repositories\CanDoItAll\src\CanDoItAll.Components.BaseLib\Components\Navigation\Tabs.razor,451,private static string? ResolveIconCssClass(string? iconToken),,none,Renderer or helper still targets Font Awesome CSS classes.,Mapped,Material icon component,Completed,02 Local Material Icons foundation and shared renderer conversion,Code migration complete. dotnet build passes. Browser proof still pending.
ICON-076,fontawesome-renderer,CanDoItAll.Components.BaseLib,src/CanDoItAll.Components.BaseLib/Components/Navigation/Tabs.razor,C:\repositories\CanDoItAll\src\CanDoItAll.Components.BaseLib\Components\Navigation\Tabs.razor,453,"if (FontAwesomeIconCatalog.TryResolveCssClass(iconToken, out var cssClass))",,none,Renderer or helper still targets Font Awesome CSS classes.,Mapped,Material icon component,Completed,02 Local Material Icons foundation and shared renderer conversion,Code migration complete. dotnet build passes. Browser proof still pending.
ICON-077,"icon-component-usage, icon-token-assignment",CanDoItAll.Components.BaseLib,src/CanDoItAll.Components.BaseLib/Components/Navigation/TreeViewNodeRow.razor,C:\repositories\CanDoItAll\src\CanDoItAll.Components.BaseLib\Components\Navigation\TreeViewNodeRow.razor,16,"<Icon Name=""@(Node.IsExpanded ? ""expand_more"" : ""fa-angle-right"")"" />",@(Node.IsExpanded ? ,dynamic expression,Shared Icon component call site needs token review after foundation change.,Mapped,Material icon component,Completed,03 BaseLib and legacy shared-component icon migration,Shared Icon component now renders local Material Icons.
ICON-078,"icon-component-usage, icon-token-assignment",CanDoItAll.Components.BaseLib,src/CanDoItAll.Components.BaseLib/Components/Navigation/TreeViewNodeRow.razor,C:\repositories\CanDoItAll\src\CanDoItAll.Components.BaseLib\Components\Navigation\TreeViewNodeRow.razor,33,"<Icon Name=""@Node.Icon"" />",@Node.Icon,dynamic expression,Shared Icon component call site needs token review after foundation change.,Mapped,Material icon component,Completed,03 BaseLib and legacy shared-component icon migration,Shared Icon component now renders local Material Icons.
ICON-079,icon-token-assignment,CanDoItAll.Components.CanvasLib,src/CanDoItAll.Components.CanvasLib/Canvas/Graph/Composition/NodeCardComposer.cs,C:\repositories\CanDoItAll\src\CanDoItAll.Components.CanvasLib\Canvas\Graph\Composition\NodeCardComposer.cs,57,"Icon = !string.IsNullOrWhiteSpace(node?.Icon) ? node.Icon : node?.MarkerIcon ?? ""[]"",",,none,Token source or pass-through icon assignment needs mapping review.,Mapped,Dynamic material mapping,Completed,"05 Workbench, canvas, and closure validation",Expression-based icon source now renders through the shared Material icon component.
ICON-080,icon-token-assignment,CanDoItAll.Components.CanvasLib,src/CanDoItAll.Components.CanvasLib/Canvas/Graph/Primitives/ChipBadgePrimitive.cs,C:\repositories\CanDoItAll\src\CanDoItAll.Components.CanvasLib\Canvas\Graph\Primitives\ChipBadgePrimitive.cs,41,Icon = ResolveToneIcon(chip.Tone),,none,Token source or pass-through icon assignment needs mapping review.,Mapped,Dynamic material mapping,Completed,"05 Workbench, canvas, and closure validation",Expression-based icon source now renders through the shared Material icon component.
ICON-081,icon-token-assignment,CanDoItAll.Components.CanvasLib,src/CanDoItAll.Components.CanvasLib/Canvas/Graph/Primitives/ChipBadgePrimitive.cs,C:\repositories\CanDoItAll\src\CanDoItAll.Components.CanvasLib\Canvas\Graph\Primitives\ChipBadgePrimitive.cs,51,"new ChipBadgePrimitiveSample { Text = ""Priority"", Tone = ""accent"", Icon = ""!"" },",!,raw glyph or text icon,Token source or pass-through icon assignment needs mapping review.,Mapped,priority_high,Completed,"05 Workbench, canvas, and closure validation",Code migration complete. dotnet build passes. Browser proof still pending.
ICON-082,icon-token-assignment,CanDoItAll.Components.CanvasLib,src/CanDoItAll.Components.CanvasLib/Canvas/Graph/Primitives/ChipBadgePrimitive.cs,C:\repositories\CanDoItAll\src\CanDoItAll.Components.CanvasLib\Canvas\Graph\Primitives\ChipBadgePrimitive.cs,52,"new ChipBadgePrimitiveSample { Text = ""Ready"", Tone = ""success"", Icon = ""OK"" },",OK,shorthand badge,Token source or pass-through icon assignment needs mapping review.,Mapped,check_circle,Completed,"05 Workbench, canvas, and closure validation",Code migration complete. dotnet build passes. Browser proof still pending.
ICON-083,icon-token-assignment,CanDoItAll.Components.CanvasLib,src/CanDoItAll.Components.CanvasLib/Canvas/Graph/Primitives/ChipBadgePrimitive.cs,C:\repositories\CanDoItAll\src\CanDoItAll.Components.CanvasLib\Canvas\Graph\Primitives\ChipBadgePrimitive.cs,53,"new ChipBadgePrimitiveSample { Text = ""Linked"", Tone = ""info"", Icon = ""->"" }",->,raw glyph or text icon,Token source or pass-through icon assignment needs mapping review.,Mapped,arrow_forward,Completed,"05 Workbench, canvas, and closure validation",Code migration complete. dotnet build passes. Browser proof still pending.
ICON-084,"icon-component-usage, icon-token-assignment",CanDoItAll.Components.CanvasLib,src/CanDoItAll.Components.CanvasLib/Components/Core/CanvasFloatingWindow.razor,C:\repositories\CanDoItAll\src\CanDoItAll.Components.CanvasLib\Components\Core\CanvasFloatingWindow.razor,28,"<Icon Name=""expand"" />",expand,named token,Shared Icon component call site needs token review after foundation change.,Mapped,open_in_full,Completed,"05 Workbench, canvas, and closure validation",Shared Icon component now renders local Material Icons.
ICON-085,"icon-component-usage, icon-token-assignment",CanDoItAll.Components.CanvasLib,src/CanDoItAll.Components.CanvasLib/Components/Core/CanvasFloatingWindow.razor,C:\repositories\CanDoItAll\src\CanDoItAll.Components.CanvasLib\Components\Core\CanvasFloatingWindow.razor,35,"<Icon Name=""visibility_off"" />",visibility_off,named token,Shared Icon component call site needs token review after foundation change.,Mapped,visibility_off,Completed,"05 Workbench, canvas, and closure validation",Shared Icon component now renders local Material Icons.
ICON-086,"icon-component-usage, icon-token-assignment",CanDoItAll.Components.CanvasLib,src/CanDoItAll.Components.CanvasLib/Components/Core/CanvasFloatingWindow.razor,C:\repositories\CanDoItAll\src\CanDoItAll.Components.CanvasLib\Components\Core\CanvasFloatingWindow.razor,64,"<Icon Name=""minimize"" />",minimize,named token,Shared Icon component call site needs token review after foundation change.,Mapped,minimize,Completed,"05 Workbench, canvas, and closure validation",Shared Icon component now renders local Material Icons.
ICON-087,"icon-component-usage, icon-token-assignment",CanDoItAll.Components.CanvasLib,src/CanDoItAll.Components.CanvasLib/Components/Core/CanvasFloatingWindow.razor,C:\repositories\CanDoItAll\src\CanDoItAll.Components.CanvasLib\Components\Core\CanvasFloatingWindow.razor,72,"<Icon Name=""restart_alt"" />",restart_alt,named token,Shared Icon component call site needs token review after foundation change.,Mapped,restart_alt,Completed,"05 Workbench, canvas, and closure validation",Shared Icon component now renders local Material Icons.
ICON-088,"icon-component-usage, icon-token-assignment",CanDoItAll.Components.CanvasLib,src/CanDoItAll.Components.CanvasLib/Components/Core/CanvasFloatingWindow.razor,C:\repositories\CanDoItAll\src\CanDoItAll.Components.CanvasLib\Components\Core\CanvasFloatingWindow.razor,79,"<Icon Name=""visibility_off"" />",visibility_off,named token,Shared Icon component call site needs token review after foundation change.,Mapped,visibility_off,Completed,"05 Workbench, canvas, and closure validation",Shared Icon component now renders local Material Icons.
ICON-089,raw-icon-markup,CanDoItAll.Components.CanvasLib,src/CanDoItAll.Components.CanvasLib/Components/Workbench/CanvasWorkbench.razor,C:\repositories\CanDoItAll\src\CanDoItAll.Components.CanvasLib\Components\Workbench\CanvasWorkbench.razor,21,"<span class=""cw-toolbar-symbol"" aria-hidden=""true"">+</span>",,none,Literal glyph/text icon bypasses the shared icon abstraction.,Mapped,Material icon component,Completed,"05 Workbench, canvas, and closure validation",Code migration complete. dotnet build passes. Browser proof still pending.
ICON-090,raw-icon-markup,CanDoItAll.Components.CanvasLib,src/CanDoItAll.Components.CanvasLib/Components/Workbench/CanvasWorkbench.razor,C:\repositories\CanDoItAll\src\CanDoItAll.Components.CanvasLib\Components\Workbench\CanvasWorkbench.razor,33,"<span class=""cw-toolbar-symbol"" aria-hidden=""true"">O</span>",,none,Literal glyph/text icon bypasses the shared icon abstraction.,Mapped,Material icon component,Completed,"05 Workbench, canvas, and closure validation",Code migration complete. dotnet build passes. Browser proof still pending.
ICON-091,raw-icon-markup,CanDoItAll.Components.CanvasLib,src/CanDoItAll.Components.CanvasLib/Components/Workbench/CanvasWorkbench.razor,C:\repositories\CanDoItAll\src\CanDoItAll.Components.CanvasLib\Components\Workbench\CanvasWorkbench.razor,47,"<span class=""cw-toolbar-symbol"" aria-hidden=""true"">[]</span>",,none,Literal glyph/text icon bypasses the shared icon abstraction.,Mapped,Material icon component,Completed,"05 Workbench, canvas, and closure validation",Code migration complete. dotnet build passes. Browser proof still pending.
ICON-092,raw-icon-markup,CanDoItAll.Components.CanvasLib,src/CanDoItAll.Components.CanvasLib/Components/Workbench/CanvasWorkbench.razor,C:\repositories\CanDoItAll\src\CanDoItAll.Components.CanvasLib\Components\Workbench\CanvasWorkbench.razor,55,"<span class=""cw-toolbar-symbol"" aria-hidden=""true"">@(isMaximized ? ""<>"" : ""[ ]"")</span>",,none,Literal glyph/text icon bypasses the shared icon abstraction.,Mapped,Material icon component,Completed,"05 Workbench, canvas, and closure validation",Code migration complete. dotnet build passes. Browser proof still pending.
ICON-093,raw-icon-markup,CanDoItAll.Components.CanvasLib,src/CanDoItAll.Components.CanvasLib/Components/Workbench/CanvasWorkbench.razor,C:\repositories\CanDoItAll\src\CanDoItAll.Components.CanvasLib\Components\Workbench\CanvasWorkbench.razor,63,"<span class=""cw-toolbar-symbol"" aria-hidden=""true"">M</span>",,none,Literal glyph/text icon bypasses the shared icon abstraction.,Mapped,Material icon component,Completed,"05 Workbench, canvas, and closure validation",Code migration complete. dotnet build passes. Browser proof still pending.
ICON-094,raw-icon-markup,CanDoItAll.Components.CanvasLib,src/CanDoItAll.Components.CanvasLib/Components/Workbench/CanvasWorkbench.razor,C:\repositories\CanDoItAll\src\CanDoItAll.Components.CanvasLib\Components\Workbench\CanvasWorkbench.razor,71,"<span class=""cw-toolbar-symbol"" aria-hidden=""true"">D</span>",,none,Literal glyph/text icon bypasses the shared icon abstraction.,Mapped,Material icon component,Completed,"05 Workbench, canvas, and closure validation",Code migration complete. dotnet build passes. Browser proof still pending.
ICON-095,raw-icon-markup,CanDoItAll.Components.CanvasLib,src/CanDoItAll.Components.CanvasLib/Components/Workbench/CanvasWorkbench.razor,C:\repositories\CanDoItAll\src\CanDoItAll.Components.CanvasLib\Components\Workbench\CanvasWorkbench.razor,79,"<span class=""cw-toolbar-symbol"" aria-hidden=""true"">?</span>",,none,Literal glyph/text icon bypasses the shared icon abstraction.,Mapped,Material icon component,Completed,"05 Workbench, canvas, and closure validation",Code migration complete. dotnet build passes. Browser proof still pending.
ICON-096,"icon-component-usage, icon-token-assignment",CanDoItAll.Components.CanvasLib,src/CanDoItAll.Components.CanvasLib/Components/Workbench/CanvasWorkbench.razor,C:\repositories\CanDoItAll\src\CanDoItAll.Components.CanvasLib\Components\Workbench\CanvasWorkbench.razor,87,"<Icon Name=""settings"" />",settings,named token,Shared Icon component call site needs token review after foundation change.,Mapped,settings,Completed,"05 Workbench, canvas, and closure validation",Shared Icon component now renders local Material Icons.
ICON-097,raw-icon-markup,CanDoItAll.Components.CanvasLib,src/CanDoItAll.Components.CanvasLib/Components/Workbench/CanvasWorkbench.razor,C:\repositories\CanDoItAll\src\CanDoItAll.Components.CanvasLib\Components\Workbench\CanvasWorkbench.razor,97,"<span class=""cw-toolbar-symbol"" aria-hidden=""true"">-</span>",,none,Literal glyph/text icon bypasses the shared icon abstraction.,Mapped,Material icon component,Completed,"05 Workbench, canvas, and closure validation",Code migration complete. dotnet build passes. Browser proof still pending.
ICON-098,raw-icon-markup,CanDoItAll.Components.CanvasLib,src/CanDoItAll.Components.CanvasLib/Components/Workbench/CanvasWorkbench.razor,C:\repositories\CanDoItAll\src\CanDoItAll.Components.CanvasLib\Components\Workbench\CanvasWorkbench.razor,113,"<span class=""cw-toolbar-symbol"" aria-hidden=""true"">+</span>",,none,Literal glyph/text icon bypasses the shared icon abstraction.,Mapped,Material icon component,Completed,"05 Workbench, canvas, and closure validation",Code migration complete. dotnet build passes. Browser proof still pending.
ICON-099,raw-icon-markup,CanDoItAll.Components.CanvasLib,src/CanDoItAll.Components.CanvasLib/Components/Graph/Composition/NodeCardComposer.razor,C:\repositories\CanDoItAll\src\CanDoItAll.Components.CanvasLib\Components\Graph\Composition\NodeCardComposer.razor,14,"<span class=""cw-preview-node-card__icon"">@Snapshot.Icon</span>",@Snapshot.Icon,dynamic expression,Literal glyph/text icon bypasses the shared icon abstraction.,Mapped,Material icon component,Completed,"05 Workbench, canvas, and closure validation",Code migration complete. dotnet build passes. Browser proof still pending.
ICON-100,raw-icon-markup,CanDoItAll.Components.CanvasLib,src/CanDoItAll.Components.CanvasLib/Components/Graph/Overlays/ContextMenuHost.razor,C:\repositories\CanDoItAll\src\CanDoItAll.Components.CanvasLib\Components\Graph\Overlays\ContextMenuHost.razor,16,"<span class=""cw-preview-menu__icon"">@(!string.IsNullOrWhiteSpace(action.Icon) ? action.Icon : "">"")</span>",action.Icon or >,expression or mixed token,Literal glyph/text icon bypasses the shared icon abstraction.,Exclude,,Excluded - false positive,"05 Workbench, canvas, and closure validation",Legacy inventory expression capture; live source now uses the shared Icon component.
ICON-101,raw-icon-markup,CanDoItAll.Components.CanvasLib,src/CanDoItAll.Components.CanvasLib/Components/Graph/Primitives/ChipBadgePrimitive.razor,C:\repositories\CanDoItAll\src\CanDoItAll.Components.CanvasLib\Components\Graph\Primitives\ChipBadgePrimitive.razor,16,"<span class=""cw-preview-chip__icon"">@chip.Icon</span>",@chip.Icon,dynamic expression,Literal glyph/text icon bypasses the shared icon abstraction.,Mapped,Material icon component,Completed,"05 Workbench, canvas, and closure validation",Code migration complete. dotnet build passes. Browser proof still pending.
ICON-102,icon-css-coupling,CanDoItAll.Components.CanvasLib,src/CanDoItAll.Components.CanvasLib/wwwroot/css/workbench/chrome/02-toolbar-and-windows.css,C:\repositories\CanDoItAll\src\CanDoItAll.Components.CanvasLib\wwwroot\css\workbench\chrome\02-toolbar-and-windows.css,94,".cw-toolbar-action--icon .rz-icon-fallback,",,none,Styles are coupled to legacy icon classes or raw glyph wrappers.,Mapped,Material icon component,Completed,"05 Workbench, canvas, and closure validation",Code migration complete. dotnet build passes. Browser proof still pending.
ICON-103,"raw-icon-markup, icon-css-coupling",CanDoItAll.Components.CanvasLib,src/CanDoItAll.Components.CanvasLib/wwwroot/css/workbench/chrome/02-toolbar-and-windows.css,C:\repositories\CanDoItAll\src\CanDoItAll.Components.CanvasLib\wwwroot\css\workbench\chrome\02-toolbar-and-windows.css,95,.cw-toolbar-symbol {,,none,Literal glyph/text icon bypasses the shared icon abstraction.,Mapped,Material icon component,Completed,"05 Workbench, canvas, and closure validation",Code migration complete. dotnet build passes. Browser proof still pending.
ICON-104,"raw-icon-markup, icon-css-coupling",CanDoItAll.Components.CanvasLib,src/CanDoItAll.Components.CanvasLib/wwwroot/css/workbench/chrome/02-toolbar-and-windows.css,C:\repositories\CanDoItAll\src\CanDoItAll.Components.CanvasLib\wwwroot\css\workbench\chrome\02-toolbar-and-windows.css,99,.cw-toolbar-symbol {,,none,Literal glyph/text icon bypasses the shared icon abstraction.,Mapped,Material icon component,Completed,"05 Workbench, canvas, and closure validation",Code migration complete. dotnet build passes. Browser proof still pending.
ICON-105,"raw-icon-markup, icon-css-coupling",CanDoItAll.Components.CanvasLib,src/CanDoItAll.Components.CanvasLib/wwwroot/css/workbench/chrome/02-toolbar-and-windows.css,C:\repositories\CanDoItAll\src\CanDoItAll.Components.CanvasLib\wwwroot\css\workbench\chrome\02-toolbar-and-windows.css,117,.cw-toolbar-action--primary .cw-toolbar-symbol {,,none,Literal glyph/text icon bypasses the shared icon abstraction.,Mapped,Material icon component,Completed,"05 Workbench, canvas, and closure validation",Code migration complete. dotnet build passes. Browser proof still pending.
ICON-106,"fontawesome-renderer, icon-css-coupling",CanDoItAll.Components.CanvasLib,src/CanDoItAll.Components.CanvasLib/wwwroot/css/workbench/chrome/02-toolbar-and-windows.css,C:\repositories\CanDoItAll\src\CanDoItAll.Components.CanvasLib\wwwroot\css\workbench\chrome\02-toolbar-and-windows.css,326,".cw-floating-window__action .rz-fa-icon,",,none,Renderer or helper still targets Font Awesome CSS classes.,Mapped,Material icon component,Completed,02 Local Material Icons foundation and shared renderer conversion,Code migration complete. dotnet build passes. Browser proof still pending.
ICON-107,icon-css-coupling,CanDoItAll.Components.CanvasLib,src/CanDoItAll.Components.CanvasLib/wwwroot/css/workbench/chrome/02-toolbar-and-windows.css,C:\repositories\CanDoItAll\src\CanDoItAll.Components.CanvasLib\wwwroot\css\workbench\chrome\02-toolbar-and-windows.css,327,.cw-floating-window__action .rz-icon-fallback {,,none,Styles are coupled to legacy icon classes or raw glyph wrappers.,Mapped,Material icon component,Completed,"05 Workbench, canvas, and closure validation",Code migration complete. dotnet build passes. Browser proof still pending.
ICON-108,icon-css-coupling,CanDoItAll.Components.CanvasLib,src/CanDoItAll.Components.CanvasLib/wwwroot/css/workbench/overlays/05-overlays-and-composer.css,C:\repositories\CanDoItAll\src\CanDoItAll.Components.CanvasLib\wwwroot\css\workbench\overlays\05-overlays-and-composer.css,710,".cw-toolbar-action:disabled .rz-icon-fallback,",,none,Styles are coupled to legacy icon classes or raw glyph wrappers.,Mapped,Material icon component,Completed,"05 Workbench, canvas, and closure validation",Code migration complete. dotnet build passes. Browser proof still pending.
ICON-109,"raw-icon-markup, icon-css-coupling",CanDoItAll.Components.CanvasLib,src/CanDoItAll.Components.CanvasLib/wwwroot/css/workbench/overlays/05-overlays-and-composer.css,C:\repositories\CanDoItAll\src\CanDoItAll.Components.CanvasLib\wwwroot\css\workbench\overlays\05-overlays-and-composer.css,711,.cw-toolbar-action:disabled .cw-toolbar-symbol {,,none,Literal glyph/text icon bypasses the shared icon abstraction.,Mapped,Material icon component,Completed,"05 Workbench, canvas, and closure validation",Code migration complete. dotnet build passes. Browser proof still pending.
ICON-110,"icon-component-usage, icon-token-assignment",CanDoItAll.Components.Sandbox,src/CanDoItAll.Components.Sandbox/Components/Pages/Foundations.razor,C:\repositories\CanDoItAll\src\CanDoItAll.Components.Sandbox\Components\Pages\Foundations.razor,67,"<Icon Name=""@icon.Token"" />",@icon.Token,dynamic expression,Shared Icon component call site needs token review after foundation change.,Mapped,Material icon component,Completed,04 Non-canvas app and module icon adoption,Shared Icon component now renders local Material Icons.
ICON-111,icon-token-assignment,CanDoItAll.Components.Sandbox,src/CanDoItAll.Components.Sandbox/Components/Pages/Navigation.razor,C:\repositories\CanDoItAll\src\CanDoItAll.Components.Sandbox\Components\Pages\Navigation.razor,32,"<TabsItem Text=""Overview"" Icon=""bars_staggered"">",bars_staggered,named token,Token source or pass-through icon assignment needs mapping review.,Mapped,view_headline,Completed,04 Non-canvas app and module icon adoption,Token now resolves to a Material icon through direct source values or the shared catalog.
ICON-112,icon-token-assignment,CanDoItAll.Components.Sandbox,src/CanDoItAll.Components.Sandbox/Components/Pages/Navigation.razor,C:\repositories\CanDoItAll\src\CanDoItAll.Components.Sandbox\Components\Pages\Navigation.razor,35,"<TabsItem Text=""Activity log"" Icon=""calendar"">",calendar,named token,Token source or pass-through icon assignment needs mapping review.,Mapped,calendar_month,Completed,04 Non-canvas app and module icon adoption,Token now resolves to a Material icon through direct source values or the shared catalog.
ICON-113,icon-token-assignment,CanDoItAll.Components.Sandbox,src/CanDoItAll.Components.Sandbox/Components/Pages/Navigation.razor,C:\repositories\CanDoItAll\src\CanDoItAll.Components.Sandbox\Components\Pages\Navigation.razor,38,"<TabsItem Text=""@LongTabText"" Icon=""circle_info"" Disabled=""@IsDisabled"">",circle_info,named token,Token source or pass-through icon assignment needs mapping review.,Mapped,info,Completed,04 Non-canvas app and module icon adoption,Token now resolves to a Material icon through direct source values or the shared catalog.
ICON-114,icon-token-assignment,CanDoItAll.Modules.Factory,src/CanDoItAll.Modules.Factory/CanvasAdapters/PromptFactorySessionGraphAdapter.cs,C:\repositories\CanDoItAll\src\CanDoItAll.Modules.Factory\CanvasAdapters\PromptFactorySessionGraphAdapter.cs,69,"Icon = ""BP"",",BP,shorthand badge,Token source or pass-through icon assignment needs mapping review.,Mapped,design_services,Completed,04 Non-canvas app and module icon adoption,Code migration complete. dotnet build passes. Browser proof still pending.
ICON-115,icon-token-assignment,CanDoItAll.Modules.Factory,src/CanDoItAll.Modules.Factory/CanvasAdapters/PromptFactorySessionGraphAdapter.cs,C:\repositories\CanDoItAll\src\CanDoItAll.Modules.Factory\CanvasAdapters\PromptFactorySessionGraphAdapter.cs,103,"Icon = ""FL"",",FL,shorthand badge,Token source or pass-through icon assignment needs mapping review.,Mapped,account_tree,Completed,04 Non-canvas app and module icon adoption,Code migration complete. dotnet build passes. Browser proof still pending.
ICON-116,icon-token-assignment,CanDoItAll.Modules.Factory,src/CanDoItAll.Modules.Factory/CanvasAdapters/PromptFactorySessionGraphAdapter.cs,C:\repositories\CanDoItAll\src\CanDoItAll.Modules.Factory\CanvasAdapters\PromptFactorySessionGraphAdapter.cs,143,"Icon = ""CP"",",CP,shorthand badge,Token source or pass-through icon assignment needs mapping review.,Mapped,widgets,Completed,04 Non-canvas app and module icon adoption,Code migration complete. dotnet build passes. Browser proof still pending.
ICON-117,icon-token-assignment,CanDoItAll.Modules.Factory,src/CanDoItAll.Modules.Factory/CanvasAdapters/PromptFactorySessionGraphAdapter.cs,C:\repositories\CanDoItAll\src\CanDoItAll.Modules.Factory\CanvasAdapters\PromptFactorySessionGraphAdapter.cs,182,"Icon = ""SC"",",SC,shorthand badge,Token source or pass-through icon assignment needs mapping review.,Mapped,grid_view,Completed,04 Non-canvas app and module icon adoption,Code migration complete. dotnet build passes. Browser proof still pending.
ICON-118,icon-token-assignment,CanDoItAll.Modules.Factory,src/CanDoItAll.Modules.Factory/CanvasAdapters/PromptFactorySessionGraphAdapter.cs,C:\repositories\CanDoItAll\src\CanDoItAll.Modules.Factory\CanvasAdapters\PromptFactorySessionGraphAdapter.cs,213,"Icon = ""GR"",",GR,shorthand badge,Token source or pass-through icon assignment needs mapping review.,Mapped,folder,Completed,04 Non-canvas app and module icon adoption,Code migration complete. dotnet build passes. Browser proof still pending.
ICON-119,icon-token-assignment,CanDoItAll.Modules.Factory,src/CanDoItAll.Modules.Factory/CanvasAdapters/PromptFactorySessionGraphAdapter.cs,C:\repositories\CanDoItAll\src\CanDoItAll.Modules.Factory\CanvasAdapters\PromptFactorySessionGraphAdapter.cs,239,"Icon = ""BL"",",BL,shorthand badge,Token source or pass-through icon assignment needs mapping review.,Mapped,extension,Completed,04 Non-canvas app and module icon adoption,Code migration complete. dotnet build passes. Browser proof still pending.
ICON-120,icon-token-assignment,CanDoItAll.Modules.Factory,src/CanDoItAll.Modules.Factory/CanvasAdapters/PromptFactorySessionGraphAdapter.cs,C:\repositories\CanDoItAll\src\CanDoItAll.Modules.Factory\CanvasAdapters\PromptFactorySessionGraphAdapter.cs,283,"Icon = ""PF"",",PF,shorthand badge,Token source or pass-through icon assignment needs mapping review.,Mapped,auto_awesome,Completed,04 Non-canvas app and module icon adoption,Code migration complete. dotnet build passes. Browser proof still pending.
ICON-121,icon-token-assignment,CanDoItAll.Modules.Factory,src/CanDoItAll.Modules.Factory/CanvasAdapters/PromptFactorySessionGraphAdapter.cs,C:\repositories\CanDoItAll\src\CanDoItAll.Modules.Factory\CanvasAdapters\PromptFactorySessionGraphAdapter.cs,368,"Icon = ""ST"",",ST,shorthand badge,Token source or pass-through icon assignment needs mapping review.,Mapped,format_list_numbered,Completed,04 Non-canvas app and module icon adoption,Code migration complete. dotnet build passes. Browser proof still pending.
ICON-122,icon-token-assignment,CanDoItAll.Modules.Factory,src/CanDoItAll.Modules.Factory/CanvasAdapters/PromptFactorySessionGraphAdapter.cs,C:\repositories\CanDoItAll\src\CanDoItAll.Modules.Factory\CanvasAdapters\PromptFactorySessionGraphAdapter.cs,450,"Icon = ""SET"",",SET,shorthand badge,Token source or pass-through icon assignment needs mapping review.,Mapped,settings,Completed,04 Non-canvas app and module icon adoption,Code migration complete. dotnet build passes. Browser proof still pending.
ICON-123,icon-token-assignment,CanDoItAll.Modules.Factory,src/CanDoItAll.Modules.Factory/CanvasAdapters/PromptFactorySessionGraphAdapter.cs,C:\repositories\CanDoItAll\src\CanDoItAll.Modules.Factory\CanvasAdapters\PromptFactorySessionGraphAdapter.cs,478,"Icon = ""session"",",session,named token,Token source or pass-through icon assignment needs mapping review.,Mapped,web_asset,Completed,04 Non-canvas app and module icon adoption,Token now resolves to a Material icon through direct source values or the shared catalog.
ICON-124,icon-token-assignment,CanDoItAll.Modules.Factory,src/CanDoItAll.Modules.Factory/CanvasAdapters/PromptFactorySessionGraphAdapter.cs,C:\repositories\CanDoItAll\src\CanDoItAll.Modules.Factory\CanvasAdapters\PromptFactorySessionGraphAdapter.cs,509,"Icon = ""IN"",",IN,shorthand badge,Token source or pass-through icon assignment needs mapping review.,Mapped,input,Completed,04 Non-canvas app and module icon adoption,Code migration complete. dotnet build passes. Browser proof still pending.
ICON-125,icon-token-assignment,CanDoItAll.Modules.Factory,src/CanDoItAll.Modules.Factory/CanvasAdapters/PromptFactorySessionGraphAdapter.cs,C:\repositories\CanDoItAll\src\CanDoItAll.Modules.Factory\CanvasAdapters\PromptFactorySessionGraphAdapter.cs,739,"new() { ActionId = ""branch"", Label = ""Branch"", Icon = ""fork"", Tone = ""accent"" },",fork,named token,Token source or pass-through icon assignment needs mapping review.,Mapped,call_split,Completed,04 Non-canvas app and module icon adoption,Token now resolves to a Material icon through direct source values or the shared catalog.
ICON-126,icon-token-assignment,CanDoItAll.Modules.Factory,src/CanDoItAll.Modules.Factory/CanvasAdapters/PromptFactorySessionGraphAdapter.cs,C:\repositories\CanDoItAll\src\CanDoItAll.Modules.Factory\CanvasAdapters\PromptFactorySessionGraphAdapter.cs,740,"new() { ActionId = ""mark-used"", Label = ""Used"", Icon = ""use"", Tone = ""mint"" },",use,named token,Token source or pass-through icon assignment needs mapping review.,Mapped,done_all,Completed,04 Non-canvas app and module icon adoption,Token now resolves to a Material icon through direct source values or the shared catalog.
ICON-127,icon-token-assignment,CanDoItAll.Modules.Factory,src/CanDoItAll.Modules.Factory/CanvasAdapters/PromptFactorySessionGraphAdapter.cs,C:\repositories\CanDoItAll\src\CanDoItAll.Modules.Factory\CanvasAdapters\PromptFactorySessionGraphAdapter.cs,741,"new() { ActionId = ""validate-node"", Label = ""Validate"", Icon = ""qa"", Tone = ""mint"" },",qa,named token,Token source or pass-through icon assignment needs mapping review.,Mapped,fact_check,Completed,04 Non-canvas app and module icon adoption,Token now resolves to a Material icon through direct source values or the shared catalog.
ICON-128,icon-token-assignment,CanDoItAll.Modules.Factory,src/CanDoItAll.Modules.Factory/CanvasAdapters/PromptFactorySessionGraphAdapter.cs,C:\repositories\CanDoItAll\src\CanDoItAll.Modules.Factory\CanvasAdapters\PromptFactorySessionGraphAdapter.cs,742,"new() { ActionId = ""skip-node"", Label = ""Skip"", Icon = ""skip"", Tone = ""warn"" },",skip,named token,Token source or pass-through icon assignment needs mapping review.,Mapped,skip_next,Completed,04 Non-canvas app and module icon adoption,Token now resolves to a Material icon through direct source values or the shared catalog.
ICON-129,icon-token-assignment,CanDoItAll.Modules.Factory,src/CanDoItAll.Modules.Factory/CanvasAdapters/PromptFactorySessionGraphAdapter.cs,C:\repositories\CanDoItAll\src\CanDoItAll.Modules.Factory\CanvasAdapters\PromptFactorySessionGraphAdapter.cs,743,"new() { ActionId = ""open-prompt"", Label = ""Open"", Icon = ""open"", Tone = ""ghost"" }",open,named token,Token source or pass-through icon assignment needs mapping review.,Mapped,open_in_new,Completed,04 Non-canvas app and module icon adoption,Token now resolves to a Material icon through direct source values or the shared catalog.
ICON-130,icon-token-assignment,CanDoItAll.Modules.Factory,src/CanDoItAll.Modules.Factory/CanvasAdapters/PromptFactorySessionGraphAdapter.cs,C:\repositories\CanDoItAll\src\CanDoItAll.Modules.Factory\CanvasAdapters\PromptFactorySessionGraphAdapter.cs,794,"Icon = ""SET""",SET,shorthand badge,Token source or pass-through icon assignment needs mapping review.,Mapped,settings,Completed,04 Non-canvas app and module icon adoption,Code migration complete. dotnet build passes. Browser proof still pending.
ICON-131,icon-token-assignment,CanDoItAll.Modules.Factory,src/CanDoItAll.Modules.Factory/CanvasAdapters/PromptFactorySessionGraphAdapter.cs,C:\repositories\CanDoItAll\src\CanDoItAll.Modules.Factory\CanvasAdapters\PromptFactorySessionGraphAdapter.cs,818,"Icon = ""QA""",QA,shorthand badge,Token source or pass-through icon assignment needs mapping review.,Mapped,fact_check,Completed,04 Non-canvas app and module icon adoption,Code migration complete. dotnet build passes. Browser proof still pending.
ICON-132,icon-token-assignment,CanDoItAll.Modules.Factory,src/CanDoItAll.Modules.Factory/CanvasAdapters/PromptFactorySessionGraphAdapter.cs,C:\repositories\CanDoItAll\src\CanDoItAll.Modules.Factory\CanvasAdapters\PromptFactorySessionGraphAdapter.cs,836,"Icon = ""QA""",QA,shorthand badge,Token source or pass-through icon assignment needs mapping review.,Mapped,fact_check,Completed,04 Non-canvas app and module icon adoption,Code migration complete. dotnet build passes. Browser proof still pending.
ICON-133,icon-token-assignment,CanDoItAll.Modules.Factory,src/CanDoItAll.Modules.Factory/CanvasAdapters/PromptFactorySessionGraphAdapter.cs,C:\repositories\CanDoItAll\src\CanDoItAll.Modules.Factory\CanvasAdapters\PromptFactorySessionGraphAdapter.cs,859,"Icon = ""QA"",",QA,shorthand badge,Token source or pass-through icon assignment needs mapping review.,Mapped,fact_check,Completed,04 Non-canvas app and module icon adoption,Code migration complete. dotnet build passes. Browser proof still pending.
ICON-134,icon-token-assignment,CanDoItAll.Modules.Factory,src/CanDoItAll.Modules.Factory/CanvasAdapters/PromptFactorySessionGraphAdapter.cs,C:\repositories\CanDoItAll\src\CanDoItAll.Modules.Factory\CanvasAdapters\PromptFactorySessionGraphAdapter.cs,872,"Icon = ""QA"",",QA,shorthand badge,Token source or pass-through icon assignment needs mapping review.,Mapped,fact_check,Completed,04 Non-canvas app and module icon adoption,Code migration complete. dotnet build passes. Browser proof still pending.
ICON-135,icon-token-assignment,CanDoItAll.Modules.Factory,src/CanDoItAll.Modules.Factory/CanvasAdapters/PromptRunBranchLane.cs,C:\repositories\CanDoItAll\src\CanDoItAll.Modules.Factory\CanvasAdapters\PromptRunBranchLane.cs,21,"Icon = ""BR"",",BR,shorthand badge,Token source or pass-through icon assignment needs mapping review.,Mapped,call_split,Completed,04 Non-canvas app and module icon adoption,Code migration complete. dotnet build passes. Browser proof still pending.
ICON-136,icon-token-assignment,CanDoItAll.Modules.Factory,src/CanDoItAll.Modules.Factory/CanvasAdapters/PromptRunBranchLane.cs,C:\repositories\CanDoItAll\src\CanDoItAll.Modules.Factory\CanvasAdapters\PromptRunBranchLane.cs,66,"new CanvasWorkbenchAction { ActionId = ""build-flow"", Label = ""Build"", Icon = ""flow"", Tone = ""mint"" },",flow,named token,Token source or pass-through icon assignment needs mapping review.,Mapped,account_tree,Completed,04 Non-canvas app and module icon adoption,Token now resolves to a Material icon through direct source values or the shared catalog.
ICON-137,icon-token-assignment,CanDoItAll.Modules.Factory,src/CanDoItAll.Modules.Factory/CanvasAdapters/PromptRunBranchLane.cs,C:\repositories\CanDoItAll\src\CanDoItAll.Modules.Factory\CanvasAdapters\PromptRunBranchLane.cs,67,"new CanvasWorkbenchAction { ActionId = ""branch-selected"", Label = ""Branch"", Icon = ""fork"", Tone = ""warn"" }",fork,named token,Token source or pass-through icon assignment needs mapping review.,Mapped,call_split,Completed,04 Non-canvas app and module icon adoption,Token now resolves to a Material icon through direct source values or the shared catalog.
ICON-138,icon-token-assignment,CanDoItAll.Modules.Factory,src/CanDoItAll.Modules.Factory/CanvasAdapters/PromptSessionAttachmentNode.cs,C:\repositories\CanDoItAll\src\CanDoItAll.Modules.Factory\CanvasAdapters\PromptSessionAttachmentNode.cs,18,"Icon = ResolveIcon(attachment),",,none,Token source or pass-through icon assignment needs mapping review.,Mapped,Dynamic material mapping,Completed,04 Non-canvas app and module icon adoption,Expression-based icon source now renders through the shared Material icon component.
ICON-139,icon-token-assignment,CanDoItAll.Modules.Factory,src/CanDoItAll.Modules.Factory/CanvasAdapters/RecommendationOverlay.cs,C:\repositories\CanDoItAll\src\CanDoItAll.Modules.Factory\CanvasAdapters\RecommendationOverlay.cs,96,"Icon = ""!"",",!,raw glyph or text icon,Token source or pass-through icon assignment needs mapping review.,Mapped,priority_high,Completed,04 Non-canvas app and module icon adoption,Code migration complete. dotnet build passes. Browser proof still pending.
ICON-140,icon-token-assignment,CanDoItAll.Modules.Factory,src/CanDoItAll.Modules.Factory/CanvasAdapters/RecommendationOverlay.cs,C:\repositories\CanDoItAll\src\CanDoItAll.Modules.Factory\CanvasAdapters\RecommendationOverlay.cs,118,"Icon = ""REC"",",REC,shorthand badge,Token source or pass-through icon assignment needs mapping review.,Mapped,auto_awesome,Completed,04 Non-canvas app and module icon adoption,Code migration complete. dotnet build passes. Browser proof still pending.
ICON-141,icon-token-assignment,CanDoItAll.Modules.Factory,src/CanDoItAll.Modules.Factory/CanvasAdapters/RecommendationOverlay.cs,C:\repositories\CanDoItAll\src\CanDoItAll.Modules.Factory\CanvasAdapters\RecommendationOverlay.cs,140,"Icon = ""REC""",REC,shorthand badge,Token source or pass-through icon assignment needs mapping review.,Mapped,auto_awesome,Completed,04 Non-canvas app and module icon adoption,Code migration complete. dotnet build passes. Browser proof still pending.
ICON-142,icon-token-assignment,CanDoItAll.Modules.Factory,src/CanDoItAll.Modules.Factory/CanvasAdapters/RecommendationOverlay.cs,C:\repositories\CanDoItAll\src\CanDoItAll.Modules.Factory\CanvasAdapters\RecommendationOverlay.cs,161,"Icon = ""BR"",",BR,shorthand badge,Token source or pass-through icon assignment needs mapping review.,Mapped,call_split,Completed,04 Non-canvas app and module icon adoption,Code migration complete. dotnet build passes. Browser proof still pending.
ICON-143,icon-token-assignment,CanDoItAll.Modules.Factory,src/CanDoItAll.Modules.Factory/Pages/PromptFactoryPage.Catalog.cs,C:\repositories\CanDoItAll\src\CanDoItAll.Modules.Factory\Pages\PromptFactoryPage.Catalog.cs,88,"Icon = ""BP"",",BP,shorthand badge,Token source or pass-through icon assignment needs mapping review.,Mapped,design_services,Completed,04 Non-canvas app and module icon adoption,Code migration complete. dotnet build passes. Browser proof still pending.
ICON-144,icon-token-assignment,CanDoItAll.Modules.Factory,src/CanDoItAll.Modules.Factory/Pages/PromptFactoryPage.Catalog.cs,C:\repositories\CanDoItAll\src\CanDoItAll.Modules.Factory\Pages\PromptFactoryPage.Catalog.cs,121,"Icon = ""FL"",",FL,shorthand badge,Token source or pass-through icon assignment needs mapping review.,Mapped,account_tree,Completed,04 Non-canvas app and module icon adoption,Code migration complete. dotnet build passes. Browser proof still pending.
ICON-145,icon-token-assignment,CanDoItAll.Modules.Factory,src/CanDoItAll.Modules.Factory/Pages/PromptFactoryPage.Catalog.cs,C:\repositories\CanDoItAll\src\CanDoItAll.Modules.Factory\Pages\PromptFactoryPage.Catalog.cs,160,"Icon = ""CP"",",CP,shorthand badge,Token source or pass-through icon assignment needs mapping review.,Mapped,widgets,Completed,04 Non-canvas app and module icon adoption,Code migration complete. dotnet build passes. Browser proof still pending.
ICON-146,icon-token-assignment,CanDoItAll.Modules.Factory,src/CanDoItAll.Modules.Factory/Pages/PromptFactoryPage.Catalog.cs,C:\repositories\CanDoItAll\src\CanDoItAll.Modules.Factory\Pages\PromptFactoryPage.Catalog.cs,199,"Icon = ""SC"",",SC,shorthand badge,Token source or pass-through icon assignment needs mapping review.,Mapped,grid_view,Completed,04 Non-canvas app and module icon adoption,Code migration complete. dotnet build passes. Browser proof still pending.
ICON-147,icon-token-assignment,CanDoItAll.Modules.Factory,src/CanDoItAll.Modules.Factory/Pages/PromptFactoryPage.Catalog.cs,C:\repositories\CanDoItAll\src\CanDoItAll.Modules.Factory\Pages\PromptFactoryPage.Catalog.cs,230,"Icon = ""GR"",",GR,shorthand badge,Token source or pass-through icon assignment needs mapping review.,Mapped,folder,Completed,04 Non-canvas app and module icon adoption,Code migration complete. dotnet build passes. Browser proof still pending.
ICON-148,icon-token-assignment,CanDoItAll.Modules.Factory,src/CanDoItAll.Modules.Factory/Pages/PromptFactoryPage.Catalog.cs,C:\repositories\CanDoItAll\src\CanDoItAll.Modules.Factory\Pages\PromptFactoryPage.Catalog.cs,256,"Icon = ""BL"",",BL,shorthand badge,Token source or pass-through icon assignment needs mapping review.,Mapped,extension,Completed,04 Non-canvas app and module icon adoption,Code migration complete. dotnet build passes. Browser proof still pending.
ICON-149,icon-token-assignment,CanDoItAll.Modules.Factory,src/CanDoItAll.Modules.Factory/Pages/PromptFactoryPage.Catalog.cs,C:\repositories\CanDoItAll\src\CanDoItAll.Modules.Factory\Pages\PromptFactoryPage.Catalog.cs,298,"Icon = ""SET"",",SET,shorthand badge,Token source or pass-through icon assignment needs mapping review.,Mapped,settings,Completed,04 Non-canvas app and module icon adoption,Code migration complete. dotnet build passes. Browser proof still pending.
ICON-150,icon-token-assignment,CanDoItAll.Modules.Factory,src/CanDoItAll.Modules.Factory/Pages/PromptFactoryPage.Catalog.cs,C:\repositories\CanDoItAll\src\CanDoItAll.Modules.Factory\Pages\PromptFactoryPage.Catalog.cs,325,"Icon = ""session"",",session,named token,Token source or pass-through icon assignment needs mapping review.,Mapped,web_asset,Completed,04 Non-canvas app and module icon adoption,Token now resolves to a Material icon through direct source values or the shared catalog.
ICON-151,icon-token-assignment,CanDoItAll.Modules.Factory,src/CanDoItAll.Modules.Factory/Pages/PromptFactoryPage.Catalog.cs,C:\repositories\CanDoItAll\src\CanDoItAll.Modules.Factory\Pages\PromptFactoryPage.Catalog.cs,353,"Icon = ""IN"",",IN,shorthand badge,Token source or pass-through icon assignment needs mapping review.,Mapped,input,Completed,04 Non-canvas app and module icon adoption,Code migration complete. dotnet build passes. Browser proof still pending.
ICON-152,icon-token-assignment,CanDoItAll.Modules.Factory,src/CanDoItAll.Modules.Factory/Pages/PromptFactoryPage.Catalog.cs,C:\repositories\CanDoItAll\src\CanDoItAll.Modules.Factory\Pages\PromptFactoryPage.Catalog.cs,378,"Icon = ResolveAttachmentNodeIcon(attachment),",,none,Token source or pass-through icon assignment needs mapping review.,Mapped,Dynamic material mapping,Completed,04 Non-canvas app and module icon adoption,Expression-based icon source now renders through the shared Material icon component.
ICON-153,icon-token-assignment,CanDoItAll.Modules.Factory,src/CanDoItAll.Modules.Factory/Pages/PromptFactoryPage.razor,C:\repositories\CanDoItAll\src\CanDoItAll.Modules.Factory\Pages\PromptFactoryPage.razor,1841,"SelectedComponentName=""@selectedComponentNode?.Name""",@selectedComponentNode?.Name,dynamic expression,Token source or pass-through icon assignment needs mapping review.,Exclude,,Excluded - false positive,04 Non-canvas app and module icon adoption,False positive from selected component display-name binding; no icon token migration required.
ICON-154,icon-token-assignment,CanDoItAll.Modules.Factory,src/CanDoItAll.Modules.Factory/Pages/PromptFactoryPage.razor,C:\repositories\CanDoItAll\src\CanDoItAll.Modules.Factory\Pages\PromptFactoryPage.razor,2072,"Icon = ""PF"",",PF,shorthand badge,Token source or pass-through icon assignment needs mapping review.,Mapped,auto_awesome,Completed,04 Non-canvas app and module icon adoption,Code migration complete. dotnet build passes. Browser proof still pending.
ICON-155,icon-token-assignment,CanDoItAll.Modules.Factory,src/CanDoItAll.Modules.Factory/Pages/PromptFactoryPage.razor,C:\repositories\CanDoItAll\src\CanDoItAll.Modules.Factory\Pages\PromptFactoryPage.razor,2148,"Icon = ""BR"",",BR,shorthand badge,Token source or pass-through icon assignment needs mapping review.,Mapped,call_split,Completed,04 Non-canvas app and module icon adoption,Code migration complete. dotnet build passes. Browser proof still pending.
ICON-156,icon-token-assignment,CanDoItAll.Modules.Factory,src/CanDoItAll.Modules.Factory/Pages/PromptFactoryPage.razor,C:\repositories\CanDoItAll\src\CanDoItAll.Modules.Factory\Pages\PromptFactoryPage.razor,2170,"new CanvasWorkbenchAction { ActionId = ""build-flow"", Label = ""Build"", Icon = ""flow"", Tone = ""mint"" },",flow,named token,Token source or pass-through icon assignment needs mapping review.,Mapped,account_tree,Completed,04 Non-canvas app and module icon adoption,Token now resolves to a Material icon through direct source values or the shared catalog.
ICON-157,icon-token-assignment,CanDoItAll.Modules.Factory,src/CanDoItAll.Modules.Factory/Pages/PromptFactoryPage.razor,C:\repositories\CanDoItAll\src\CanDoItAll.Modules.Factory\Pages\PromptFactoryPage.razor,2171,"new CanvasWorkbenchAction { ActionId = ""branch-selected"", Label = ""Branch"", Icon = ""fork"", Tone = ""warn"" }",fork,named token,Token source or pass-through icon assignment needs mapping review.,Mapped,call_split,Completed,04 Non-canvas app and module icon adoption,Token now resolves to a Material icon through direct source values or the shared catalog.
ICON-158,icon-token-assignment,CanDoItAll.Modules.Factory,src/CanDoItAll.Modules.Factory/Pages/PromptFactoryPage.razor,C:\repositories\CanDoItAll\src\CanDoItAll.Modules.Factory\Pages\PromptFactoryPage.razor,2189,"Icon = ""ST"",",ST,shorthand badge,Token source or pass-through icon assignment needs mapping review.,Mapped,format_list_numbered,Completed,04 Non-canvas app and module icon adoption,Code migration complete. dotnet build passes. Browser proof still pending.
ICON-159,icon-token-assignment,CanDoItAll.Modules.Factory,src/CanDoItAll.Modules.Factory/Pages/PromptFactoryPage.razor,C:\repositories\CanDoItAll\src\CanDoItAll.Modules.Factory\Pages\PromptFactoryPage.razor,2260,"new() { ActionId = ""branch"", Label = ""Branch"", Icon = ""fork"", Tone = ""accent"" },",fork,named token,Token source or pass-through icon assignment needs mapping review.,Mapped,call_split,Completed,04 Non-canvas app and module icon adoption,Token now resolves to a Material icon through direct source values or the shared catalog.
ICON-160,icon-token-assignment,CanDoItAll.Modules.Factory,src/CanDoItAll.Modules.Factory/Pages/PromptFactoryPage.razor,C:\repositories\CanDoItAll\src\CanDoItAll.Modules.Factory\Pages\PromptFactoryPage.razor,2261,"new() { ActionId = ""mark-used"", Label = ""Used"", Icon = ""use"", Tone = ""mint"" },",use,named token,Token source or pass-through icon assignment needs mapping review.,Mapped,done_all,Completed,04 Non-canvas app and module icon adoption,Token now resolves to a Material icon through direct source values or the shared catalog.
ICON-161,icon-token-assignment,CanDoItAll.Modules.Factory,src/CanDoItAll.Modules.Factory/Pages/PromptFactoryPage.razor,C:\repositories\CanDoItAll\src\CanDoItAll.Modules.Factory\Pages\PromptFactoryPage.razor,2262,"new() { ActionId = ""validate-node"", Label = ""Validate"", Icon = ""qa"", Tone = ""mint"" },",qa,named token,Token source or pass-through icon assignment needs mapping review.,Mapped,fact_check,Completed,04 Non-canvas app and module icon adoption,Token now resolves to a Material icon through direct source values or the shared catalog.
ICON-162,icon-token-assignment,CanDoItAll.Modules.Factory,src/CanDoItAll.Modules.Factory/Pages/PromptFactoryPage.razor,C:\repositories\CanDoItAll\src\CanDoItAll.Modules.Factory\Pages\PromptFactoryPage.razor,2263,"new() { ActionId = ""skip-node"", Label = ""Skip"", Icon = ""skip"", Tone = ""warn"" },",skip,named token,Token source or pass-through icon assignment needs mapping review.,Mapped,skip_next,Completed,04 Non-canvas app and module icon adoption,Token now resolves to a Material icon through direct source values or the shared catalog.
ICON-163,icon-token-assignment,CanDoItAll.Modules.Factory,src/CanDoItAll.Modules.Factory/Pages/PromptFactoryPage.razor,C:\repositories\CanDoItAll\src\CanDoItAll.Modules.Factory\Pages\PromptFactoryPage.razor,2264,"new() { ActionId = ""open-prompt"", Label = ""Open"", Icon = ""open"", Tone = ""ghost"" }",open,named token,Token source or pass-through icon assignment needs mapping review.,Mapped,open_in_new,Completed,04 Non-canvas app and module icon adoption,Token now resolves to a Material icon through direct source values or the shared catalog.
ICON-164,raw-icon-markup,CanDoItAll.Modules.Factory,src/CanDoItAll.Modules.Factory/Pages/Components/PromptFactoryHistoryToolbar.razor,C:\repositories\CanDoItAll\src\CanDoItAll.Modules.Factory\Pages\Components\PromptFactoryHistoryToolbar.razor,9,"<span class=""cw-toolbar-symbol"" aria-hidden=""true"">&#x21B6;</span>",undo_arrow,raw glyph or text icon,Literal glyph/text icon bypasses the shared icon abstraction.,Mapped,undo_arrow,Completed,04 Non-canvas app and module icon adoption,Code migration complete. dotnet build passes. Browser proof still pending.
ICON-165,raw-icon-markup,CanDoItAll.Modules.Factory,src/CanDoItAll.Modules.Factory/Pages/Components/PromptFactoryHistoryToolbar.razor,C:\repositories\CanDoItAll\src\CanDoItAll.Modules.Factory\Pages\Components\PromptFactoryHistoryToolbar.razor,19,"<span class=""cw-toolbar-symbol"" aria-hidden=""true"">&#x21B7;</span>",redo_arrow,raw glyph or text icon,Literal glyph/text icon bypasses the shared icon abstraction.,Mapped,redo_arrow,Completed,04 Non-canvas app and module icon adoption,Code migration complete. dotnet build passes. Browser proof still pending.
ICON-166,icon-token-assignment,CanDoItAll.Modules.Workbench,src/CanDoItAll.Modules.Workbench/CanvasAdapters/ProjectStructureActionCatalogAdapter.cs,C:\repositories\CanDoItAll\src\CanDoItAll.Modules.Workbench\CanvasAdapters\ProjectStructureActionCatalogAdapter.cs,17,"new() { ActionId = ""open"", Label = ""Open"", MenuLabel = ""Open"", Description = ""Open the linked artifact or routed workspace."", Icon = ""open"", Tone = ""accent"" },",open,named token,Token source or pass-through icon assignment needs mapping review.,Mapped,open_in_new,Completed,"05 Workbench, canvas, and closure validation",Token now resolves to a Material icon through direct source values or the shared catalog.
ICON-167,icon-token-assignment,CanDoItAll.Modules.Workbench,src/CanDoItAll.Modules.Workbench/CanvasAdapters/ProjectStructureActionCatalogAdapter.cs,C:\repositories\CanDoItAll\src\CanDoItAll.Modules.Workbench\CanvasAdapters\ProjectStructureActionCatalogAdapter.cs,18,"new() { ActionId = ""summary"", Label = ""Summary"", MenuLabel = ""Summary"", Description = ""Open the hierarchical progress summary and export tools."", Icon = ""summary"", Tone = ""sky"" },",summary,named token,Token source or pass-through icon assignment needs mapping review.,Mapped,pie_chart,Completed,"05 Workbench, canvas, and closure validation",Token now resolves to a Material icon through direct source values or the shared catalog.
ICON-168,icon-token-assignment,CanDoItAll.Modules.Workbench,src/CanDoItAll.Modules.Workbench/CanvasAdapters/ProjectStructureActionCatalogAdapter.cs,C:\repositories\CanDoItAll\src\CanDoItAll.Modules.Workbench\CanvasAdapters\ProjectStructureActionCatalogAdapter.cs,19,"new() { ActionId = ""connect"", Label = ""Connect"", MenuLabel = ""Connect"", Description = ""Use the selected node as the source for a dependency link."", Icon = ""link"", Tone = ""neutral"" },",link,named token,Token source or pass-through icon assignment needs mapping review.,Mapped,link,Completed,"05 Workbench, canvas, and closure validation",Token now resolves to a Material icon through direct source values or the shared catalog.
ICON-169,icon-token-assignment,CanDoItAll.Modules.Workbench,src/CanDoItAll.Modules.Workbench/CanvasAdapters/ProjectStructureActionCatalogAdapter.cs,C:\repositories\CanDoItAll\src\CanDoItAll.Modules.Workbench\CanvasAdapters\ProjectStructureActionCatalogAdapter.cs,20,"new() { ActionId = ""reconnect"", Label = ""Reconnect"", MenuLabel = ""Reconnect"", Description = ""Pick a new parent node for this branch explicitly."", Icon = ""relink"", Tone = ""primary"" },",relink,named token,Token source or pass-through icon assignment needs mapping review.,Mapped,sync_alt,Completed,"05 Workbench, canvas, and closure validation",Token now resolves to a Material icon through direct source values or the shared catalog.
ICON-170,icon-token-assignment,CanDoItAll.Modules.Workbench,src/CanDoItAll.Modules.Workbench/CanvasAdapters/ProjectStructureActionCatalogAdapter.cs,C:\repositories\CanDoItAll\src\CanDoItAll.Modules.Workbench\CanvasAdapters\ProjectStructureActionCatalogAdapter.cs,21,"new() { ActionId = ""disconnect"", Label = ""Disconnect"", MenuLabel = ""Disconnect"", Description = ""Move this node back to the project root without deleting it."", Icon = ""unlink"", Tone = ""ghost"" },",unlink,named token,Token source or pass-through icon assignment needs mapping review.,Mapped,link_off,Completed,"05 Workbench, canvas, and closure validation",Token now resolves to a Material icon through direct source values or the shared catalog.
ICON-171,icon-token-assignment,CanDoItAll.Modules.Workbench,src/CanDoItAll.Modules.Workbench/CanvasAdapters/ProjectStructureActionCatalogAdapter.cs,C:\repositories\CanDoItAll\src\CanDoItAll.Modules.Workbench\CanvasAdapters\ProjectStructureActionCatalogAdapter.cs,25,"new() { ActionId = ""validate"", Label = ""Validate"", MenuLabel = ""Validate"", Description = ""Open project validation tooling from this node."", Icon = ""qa"", Tone = ""mint"" },",qa,named token,Token source or pass-through icon assignment needs mapping review.,Mapped,fact_check,Completed,"05 Workbench, canvas, and closure validation",Token now resolves to a Material icon through direct source values or the shared catalog.
ICON-172,icon-token-assignment,CanDoItAll.Modules.Workbench,src/CanDoItAll.Modules.Workbench/CanvasAdapters/ProjectStructureActionCatalogAdapter.cs,C:\repositories\CanDoItAll\src\CanDoItAll.Modules.Workbench\CanvasAdapters\ProjectStructureActionCatalogAdapter.cs,26,"new() { ActionId = ""test"", Label = ""Test"", MenuLabel = ""Test"", Description = ""Open test planning and evidence flows."", Icon = ""test"", Tone = ""warn"" },",test,named token,Token source or pass-through icon assignment needs mapping review.,Mapped,science,Completed,"05 Workbench, canvas, and closure validation",Token now resolves to a Material icon through direct source values or the shared catalog.
ICON-173,icon-token-assignment,CanDoItAll.Modules.Workbench,src/CanDoItAll.Modules.Workbench/CanvasAdapters/ProjectStructureActionCatalogAdapter.cs,C:\repositories\CanDoItAll\src\CanDoItAll.Modules.Workbench\CanvasAdapters\ProjectStructureActionCatalogAdapter.cs,27,"new() { ActionId = ""delete"", Label = ""Delete"", MenuLabel = ""Delete"", Description = ""Delete this node, with confirmation when the impact is not trivial."", Icon = ""delete"", Tone = ""danger"" }",delete,named token,Token source or pass-through icon assignment needs mapping review.,Mapped,delete,Completed,"05 Workbench, canvas, and closure validation",Token now resolves to a Material icon through direct source values or the shared catalog.
ICON-174,icon-token-assignment,CanDoItAll.Modules.Workbench,src/CanDoItAll.Modules.Workbench/CanvasAdapters/ProjectStructureActionCatalogAdapter.cs,C:\repositories\CanDoItAll\src\CanDoItAll.Modules.Workbench\CanvasAdapters\ProjectStructureActionCatalogAdapter.cs,38,"Icon = ""flow"",",flow,named token,Token source or pass-through icon assignment needs mapping review.,Mapped,account_tree,Completed,"05 Workbench, canvas, and closure validation",Token now resolves to a Material icon through direct source values or the shared catalog.
ICON-175,icon-token-assignment,CanDoItAll.Modules.Workbench,src/CanDoItAll.Modules.Workbench/CanvasAdapters/ProjectStructureActionCatalogAdapter.cs,C:\repositories\CanDoItAll\src\CanDoItAll.Modules.Workbench\CanvasAdapters\ProjectStructureActionCatalogAdapter.cs,51,"Icon = ""transcript"",",transcript,named token,Token source or pass-through icon assignment needs mapping review.,Mapped,closed_caption,Completed,"05 Workbench, canvas, and closure validation",Token now resolves to a Material icon through direct source values or the shared catalog.
ICON-176,icon-token-assignment,CanDoItAll.Modules.Workbench,src/CanDoItAll.Modules.Workbench/CanvasAdapters/ProjectStructureActionCatalogAdapter.cs,C:\repositories\CanDoItAll\src\CanDoItAll.Modules.Workbench\CanvasAdapters\ProjectStructureActionCatalogAdapter.cs,64,"Icon = ""ai"",",ai,named token,Token source or pass-through icon assignment needs mapping review.,Mapped,smart_toy,Completed,"05 Workbench, canvas, and closure validation",Token now resolves to a Material icon through direct source values or the shared catalog.
ICON-177,icon-token-assignment,CanDoItAll.Modules.Workbench,src/CanDoItAll.Modules.Workbench/CanvasAdapters/ProjectStructureActionCatalogAdapter.cs,C:\repositories\CanDoItAll\src\CanDoItAll.Modules.Workbench\CanvasAdapters\ProjectStructureActionCatalogAdapter.cs,68,"new CanvasWorkbenchAction { ActionId = ""transcript:summarize"", Label = ""Summarize"", MenuLabel = ""Summarize"", Description = ""Summarize this transcript with a selected provider."", Icon = ""summary"", Tone = ""accent"", MenuSize = ""compact"" },",summary,named token,Token source or pass-through icon assignment needs mapping review.,Mapped,pie_chart,Completed,"05 Workbench, canvas, and closure validation",Token now resolves to a Material icon through direct source values or the shared catalog.
ICON-178,icon-token-assignment,CanDoItAll.Modules.Workbench,src/CanDoItAll.Modules.Workbench/CanvasAdapters/ProjectStructureActionCatalogAdapter.cs,C:\repositories\CanDoItAll\src\CanDoItAll.Modules.Workbench\CanvasAdapters\ProjectStructureActionCatalogAdapter.cs,69,"new CanvasWorkbenchAction { ActionId = ""transcript:find-my-tasks"", Label = ""Find my tasks"", MenuLabel = ""My tasks"", Description = ""Extract work assigned to you from this transcript."", Icon = ""task"", Tone = ""warn"", MenuSize = ""compact"" },",task,named token,Token source or pass-through icon assignment needs mapping review.,Mapped,task,Completed,"05 Workbench, canvas, and closure validation",Token now resolves to a Material icon through direct source values or the shared catalog.
ICON-179,icon-token-assignment,CanDoItAll.Modules.Workbench,src/CanDoItAll.Modules.Workbench/CanvasAdapters/ProjectStructureActionCatalogAdapter.cs,C:\repositories\CanDoItAll\src\CanDoItAll.Modules.Workbench\CanvasAdapters\ProjectStructureActionCatalogAdapter.cs,70,"new CanvasWorkbenchAction { ActionId = ""transcript:find-others-deliveries"", Label = ""Find others delivery to me"", MenuLabel = ""Others to me"", Description = ""Extract promised deliveries coming back to you."", Icon = ""deliver"", Tone = ""sky"", MenuSize = ""compact"" }",deliver,named token,Token source or pass-through icon assignment needs mapping review.,Mapped,local_shipping,Completed,"05 Workbench, canvas, and closure validation",Token now resolves to a Material icon through direct source values or the shared catalog.
ICON-180,icon-token-assignment,CanDoItAll.Modules.Workbench,src/CanDoItAll.Modules.Workbench/CanvasAdapters/ProjectStructureActionCatalogAdapter.cs,C:\repositories\CanDoItAll\src\CanDoItAll.Modules.Workbench\CanvasAdapters\ProjectStructureActionCatalogAdapter.cs,84,"new CanvasWorkbenchAction { ActionId = ""branch"", Label = ""Branch"", MenuLabel = ""Branch"", Description = ""Create a prompt follow-up from this step."", Icon = ""fork"", Tone = ""accent"" },",fork,named token,Token source or pass-through icon assignment needs mapping review.,Mapped,call_split,Completed,"05 Workbench, canvas, and closure validation",Token now resolves to a Material icon through direct source values or the shared catalog.
ICON-181,icon-token-assignment,CanDoItAll.Modules.Workbench,src/CanDoItAll.Modules.Workbench/CanvasAdapters/ProjectStructureActionCatalogAdapter.cs,C:\repositories\CanDoItAll\src\CanDoItAll.Modules.Workbench\CanvasAdapters\ProjectStructureActionCatalogAdapter.cs,85,"new CanvasWorkbenchAction { ActionId = ""mark-used"", Label = ""Used"", MenuLabel = ""Used"", Description = ""Mark this prompt step as consumed."", Icon = ""use"", Tone = ""mint"" },",use,named token,Token source or pass-through icon assignment needs mapping review.,Mapped,done_all,Completed,"05 Workbench, canvas, and closure validation",Token now resolves to a Material icon through direct source values or the shared catalog.
ICON-182,icon-token-assignment,CanDoItAll.Modules.Workbench,src/CanDoItAll.Modules.Workbench/CanvasAdapters/ProjectStructureActionCatalogAdapter.cs,C:\repositories\CanDoItAll\src\CanDoItAll.Modules.Workbench\CanvasAdapters\ProjectStructureActionCatalogAdapter.cs,86,"new CanvasWorkbenchAction { ActionId = ""skip"", Label = ""Skip"", MenuLabel = ""Skip"", Description = ""Skip the selected prompt step."", Icon = ""skip"", Tone = ""warn"" }",skip,named token,Token source or pass-through icon assignment needs mapping review.,Mapped,skip_next,Completed,"05 Workbench, canvas, and closure validation",Token now resolves to a Material icon through direct source values or the shared catalog.
ICON-183,icon-token-assignment,CanDoItAll.Modules.Workbench,src/CanDoItAll.Modules.Workbench/CanvasAdapters/ProjectStructureActionCatalogAdapter.cs,C:\repositories\CanDoItAll\src\CanDoItAll.Modules.Workbench\CanvasAdapters\ProjectStructureActionCatalogAdapter.cs,103,"Icon = ""frame"",",frame,named token,Token source or pass-through icon assignment needs mapping review.,Mapped,crop_square,Completed,"05 Workbench, canvas, and closure validation",Token now resolves to a Material icon through direct source values or the shared catalog.
ICON-184,icon-token-assignment,CanDoItAll.Modules.Workbench,src/CanDoItAll.Modules.Workbench/CanvasAdapters/ProjectStructureActionCatalogAdapter.cs,C:\repositories\CanDoItAll\src\CanDoItAll.Modules.Workbench\CanvasAdapters\ProjectStructureActionCatalogAdapter.cs,112,"Icon = ""clear"",",clear,named token,Token source or pass-through icon assignment needs mapping review.,Mapped,clear,Completed,"05 Workbench, canvas, and closure validation",Token now resolves to a Material icon through direct source values or the shared catalog.
ICON-185,icon-token-assignment,CanDoItAll.Modules.Workbench,src/CanDoItAll.Modules.Workbench/CanvasAdapters/ProjectStructureActionCatalogAdapter.cs,C:\repositories\CanDoItAll\src\CanDoItAll.Modules.Workbench\CanvasAdapters\ProjectStructureActionCatalogAdapter.cs,201,"Icon = ""open"",",open,named token,Token source or pass-through icon assignment needs mapping review.,Mapped,open_in_new,Completed,"05 Workbench, canvas, and closure validation",Token now resolves to a Material icon through direct source values or the shared catalog.
ICON-186,icon-token-assignment,CanDoItAll.Modules.Workbench,src/CanDoItAll.Modules.Workbench/CanvasAdapters/ProjectStructureActionCatalogAdapter.cs,C:\repositories\CanDoItAll\src\CanDoItAll.Modules.Workbench\CanvasAdapters\ProjectStructureActionCatalogAdapter.cs,210,"Icon = ""summary"",",summary,named token,Token source or pass-through icon assignment needs mapping review.,Mapped,pie_chart,Completed,"05 Workbench, canvas, and closure validation",Token now resolves to a Material icon through direct source values or the shared catalog.
ICON-187,icon-token-assignment,CanDoItAll.Modules.Workbench,src/CanDoItAll.Modules.Workbench/CanvasAdapters/ProjectStructureActionCatalogAdapter.cs,C:\repositories\CanDoItAll\src\CanDoItAll.Modules.Workbench\CanvasAdapters\ProjectStructureActionCatalogAdapter.cs,219,"Icon = ""link"",",link,named token,Token source or pass-through icon assignment needs mapping review.,Mapped,link,Completed,"05 Workbench, canvas, and closure validation",Token now resolves to a Material icon through direct source values or the shared catalog.
ICON-188,icon-token-assignment,CanDoItAll.Modules.Workbench,src/CanDoItAll.Modules.Workbench/CanvasAdapters/ProjectStructureActionCatalogAdapter.cs,C:\repositories\CanDoItAll\src\CanDoItAll.Modules.Workbench\CanvasAdapters\ProjectStructureActionCatalogAdapter.cs,235,"Icon = ""open"",",open,named token,Token source or pass-through icon assignment needs mapping review.,Mapped,open_in_new,Completed,"05 Workbench, canvas, and closure validation",Token now resolves to a Material icon through direct source values or the shared catalog.
ICON-189,icon-token-assignment,CanDoItAll.Modules.Workbench,src/CanDoItAll.Modules.Workbench/CanvasAdapters/ProjectStructureActionCatalogAdapter.cs,C:\repositories\CanDoItAll\src\CanDoItAll.Modules.Workbench\CanvasAdapters\ProjectStructureActionCatalogAdapter.cs,248,"Icon = ""fork"",",fork,named token,Token source or pass-through icon assignment needs mapping review.,Mapped,call_split,Completed,"05 Workbench, canvas, and closure validation",Token now resolves to a Material icon through direct source values or the shared catalog.
ICON-190,icon-token-assignment,CanDoItAll.Modules.Workbench,src/CanDoItAll.Modules.Workbench/CanvasAdapters/ProjectStructureActionCatalogAdapter.cs,C:\repositories\CanDoItAll\src\CanDoItAll.Modules.Workbench\CanvasAdapters\ProjectStructureActionCatalogAdapter.cs,261,"Icon = ""relink"",",relink,named token,Token source or pass-through icon assignment needs mapping review.,Mapped,sync_alt,Completed,"05 Workbench, canvas, and closure validation",Token now resolves to a Material icon through direct source values or the shared catalog.
ICON-191,icon-token-assignment,CanDoItAll.Modules.Workbench,src/CanDoItAll.Modules.Workbench/CanvasAdapters/ProjectStructureActionCatalogAdapter.cs,C:\repositories\CanDoItAll\src\CanDoItAll.Modules.Workbench\CanvasAdapters\ProjectStructureActionCatalogAdapter.cs,281,"Icon = ""progress"",",progress,named token,Token source or pass-through icon assignment needs mapping review.,Mapped,trending_up,Completed,"05 Workbench, canvas, and closure validation",Token now resolves to a Material icon through direct source values or the shared catalog.
ICON-192,icon-token-assignment,CanDoItAll.Modules.Workbench,src/CanDoItAll.Modules.Workbench/CanvasAdapters/ProjectStructureActionCatalogAdapter.cs,C:\repositories\CanDoItAll\src\CanDoItAll.Modules.Workbench\CanvasAdapters\ProjectStructureActionCatalogAdapter.cs,297,"Icon = ""progress-0"",",progress-0,named token,Token source or pass-through icon assignment needs mapping review.,Mapped,radio_button_unchecked,Completed,"05 Workbench, canvas, and closure validation",Token now resolves to a Material icon through direct source values or the shared catalog.
ICON-193,icon-token-assignment,CanDoItAll.Modules.Workbench,src/CanDoItAll.Modules.Workbench/CanvasAdapters/ProjectStructureActionCatalogAdapter.cs,C:\repositories\CanDoItAll\src\CanDoItAll.Modules.Workbench\CanvasAdapters\ProjectStructureActionCatalogAdapter.cs,307,"Icon = ""progress-started"",",progress-started,named token,Token source or pass-through icon assignment needs mapping review.,Mapped,play_arrow,Completed,"05 Workbench, canvas, and closure validation",Token now resolves to a Material icon through direct source values or the shared catalog.
ICON-194,icon-token-assignment,CanDoItAll.Modules.Workbench,src/CanDoItAll.Modules.Workbench/CanvasAdapters/ProjectStructureActionCatalogAdapter.cs,C:\repositories\CanDoItAll\src\CanDoItAll.Modules.Workbench\CanvasAdapters\ProjectStructureActionCatalogAdapter.cs,321,"Icon = $""progress-{percent}"",",,none,Token source or pass-through icon assignment needs mapping review.,Mapped,Dynamic material mapping,Completed,"05 Workbench, canvas, and closure validation",Expression-based icon source now renders through the shared Material icon component.
ICON-195,icon-token-assignment,CanDoItAll.Modules.Workbench,src/CanDoItAll.Modules.Workbench/CanvasAdapters/ProjectStructureActionCatalogAdapter.cs,C:\repositories\CanDoItAll\src\CanDoItAll.Modules.Workbench\CanvasAdapters\ProjectStructureActionCatalogAdapter.cs,333,"Icon = ""progress-na"",",progress-na,named token,Token source or pass-through icon assignment needs mapping review.,Mapped,remove_circle_outline,Completed,"05 Workbench, canvas, and closure validation",Token now resolves to a Material icon through direct source values or the shared catalog.
ICON-196,icon-token-assignment,CanDoItAll.Modules.Workbench,src/CanDoItAll.Modules.Workbench/CanvasAdapters/ProjectStructureActionCatalogAdapter.cs,C:\repositories\CanDoItAll\src\CanDoItAll.Modules.Workbench\CanvasAdapters\ProjectStructureActionCatalogAdapter.cs,348,"Icon = ""marker"",",marker,named token,Token source or pass-through icon assignment needs mapping review.,Mapped,bookmark,Completed,"05 Workbench, canvas, and closure validation",Token now resolves to a Material icon through direct source values or the shared catalog.
ICON-197,icon-token-assignment,CanDoItAll.Modules.Workbench,src/CanDoItAll.Modules.Workbench/CanvasAdapters/ProjectStructureActionCatalogAdapter.cs,C:\repositories\CanDoItAll\src\CanDoItAll.Modules.Workbench\CanvasAdapters\ProjectStructureActionCatalogAdapter.cs,353,"new() { ActionId = ""marker:none"", Label = ""Clear"", MenuLabel = ""Clear"", Description = ""Remove the current marker."", Icon = ""marker-none"", Tone = ""ghost"", MenuSize = ""compact"" },",marker-none,named token,Token source or pass-through icon assignment needs mapping review.,Mapped,bookmark_border,Completed,"05 Workbench, canvas, and closure validation",Token now resolves to a Material icon through direct source values or the shared catalog.
ICON-198,icon-token-assignment,CanDoItAll.Modules.Workbench,src/CanDoItAll.Modules.Workbench/CanvasAdapters/ProjectStructureActionCatalogAdapter.cs,C:\repositories\CanDoItAll\src\CanDoItAll.Modules.Workbench\CanvasAdapters\ProjectStructureActionCatalogAdapter.cs,354,"new() { ActionId = ""marker:question"", Label = ""Question"", MenuLabel = ""Ask"", Description = ""Mark this node as an open question."", Icon = ""marker-question"", Tone = ""sky"", MenuSize = ""compact"" },",marker-question,named token,Token source or pass-through icon assignment needs mapping review.,Mapped,help,Completed,"05 Workbench, canvas, and closure validation",Token now resolves to a Material icon through direct source values or the shared catalog.
ICON-199,icon-token-assignment,CanDoItAll.Modules.Workbench,src/CanDoItAll.Modules.Workbench/CanvasAdapters/ProjectStructureActionCatalogAdapter.cs,C:\repositories\CanDoItAll\src\CanDoItAll.Modules.Workbench\CanvasAdapters\ProjectStructureActionCatalogAdapter.cs,355,"new() { ActionId = ""marker:alert"", Label = ""Alert"", MenuLabel = ""Warn"", Description = ""Mark this node as needing attention."", Icon = ""marker-alert"", Tone = ""danger"", MenuSize = ""compact"" },",marker-alert,named token,Token source or pass-through icon assignment needs mapping review.,Mapped,warning,Completed,"05 Workbench, canvas, and closure validation",Token now resolves to a Material icon through direct source values or the shared catalog.
ICON-200,icon-token-assignment,CanDoItAll.Modules.Workbench,src/CanDoItAll.Modules.Workbench/CanvasAdapters/ProjectStructureActionCatalogAdapter.cs,C:\repositories\CanDoItAll\src\CanDoItAll.Modules.Workbench\CanvasAdapters\ProjectStructureActionCatalogAdapter.cs,356,"new() { ActionId = ""marker:thumbs-up"", Label = ""Approved"", MenuLabel = ""Good"", Description = ""Mark this node as looking good."", Icon = ""marker-thumbs-up"", Tone = ""mint"", MenuSize = ""compact"" },",marker-thumbs-up,named token,Token source or pass-through icon assignment needs mapping review.,Mapped,thumb_up,Completed,"05 Workbench, canvas, and closure validation",Token now resolves to a Material icon through direct source values or the shared catalog.
ICON-201,icon-token-assignment,CanDoItAll.Modules.Workbench,src/CanDoItAll.Modules.Workbench/CanvasAdapters/ProjectStructureActionCatalogAdapter.cs,C:\repositories\CanDoItAll\src\CanDoItAll.Modules.Workbench\CanvasAdapters\ProjectStructureActionCatalogAdapter.cs,357,"new() { ActionId = ""marker:thumbs-down"", Label = ""Rejected"", MenuLabel = ""Bad"", Description = ""Mark this node as needing a rework or rejection."", Icon = ""marker-thumbs-down"", Tone = ""danger"", MenuSize = ""compact"" },",marker-thumbs-down,named token,Token source or pass-through icon assignment needs mapping review.,Mapped,thumb_down,Completed,"05 Workbench, canvas, and closure validation",Token now resolves to a Material icon through direct source values or the shared catalog.
ICON-202,icon-token-assignment,CanDoItAll.Modules.Workbench,src/CanDoItAll.Modules.Workbench/CanvasAdapters/ProjectStructureActionCatalogAdapter.cs,C:\repositories\CanDoItAll\src\CanDoItAll.Modules.Workbench\CanvasAdapters\ProjectStructureActionCatalogAdapter.cs,358,"new() { ActionId = ""marker:pause"", Label = ""Paused"", MenuLabel = ""Pause"", Description = ""Mark this node as paused."", Icon = ""marker-pause"", Tone = ""warn"", MenuSize = ""compact"" },",marker-pause,named token,Token source or pass-through icon assignment needs mapping review.,Mapped,pause_circle,Completed,"05 Workbench, canvas, and closure validation",Token now resolves to a Material icon through direct source values or the shared catalog.
ICON-203,icon-token-assignment,CanDoItAll.Modules.Workbench,src/CanDoItAll.Modules.Workbench/CanvasAdapters/ProjectStructureActionCatalogAdapter.cs,C:\repositories\CanDoItAll\src\CanDoItAll.Modules.Workbench\CanvasAdapters\ProjectStructureActionCatalogAdapter.cs,359,"new() { ActionId = ""marker:stop"", Label = ""Stopped"", MenuLabel = ""Stop"", Description = ""Mark this node as stopped."", Icon = ""marker-stop"", Tone = ""primary"", MenuSize = ""compact"" },",marker-stop,named token,Token source or pass-through icon assignment needs mapping review.,Mapped,stop_circle,Completed,"05 Workbench, canvas, and closure validation",Token now resolves to a Material icon through direct source values or the shared catalog.
ICON-204,icon-token-assignment,CanDoItAll.Modules.Workbench,src/CanDoItAll.Modules.Workbench/CanvasAdapters/ProjectStructureActionCatalogAdapter.cs,C:\repositories\CanDoItAll\src\CanDoItAll.Modules.Workbench\CanvasAdapters\ProjectStructureActionCatalogAdapter.cs,360,"new() { ActionId = ""marker:money"", Label = ""Budget"", MenuLabel = ""Money"", Description = ""Mark this node with a budget or finance note."", Icon = ""marker-money"", Tone = ""mint"", MenuSize = ""compact"" },",marker-money,named token,Token source or pass-through icon assignment needs mapping review.,Mapped,payments,Completed,"05 Workbench, canvas, and closure validation",Token now resolves to a Material icon through direct source values or the shared catalog.
ICON-205,icon-token-assignment,CanDoItAll.Modules.Workbench,src/CanDoItAll.Modules.Workbench/CanvasAdapters/ProjectStructureActionCatalogAdapter.cs,C:\repositories\CanDoItAll\src\CanDoItAll.Modules.Workbench\CanvasAdapters\ProjectStructureActionCatalogAdapter.cs,361,"new() { ActionId = ""marker:car"", Label = ""Transport"", MenuLabel = ""Drive"", Description = ""Mark this node with a transport or logistics note."", Icon = ""marker-car"", Tone = ""sky"", MenuSize = ""compact"" },",marker-car,named token,Token source or pass-through icon assignment needs mapping review.,Mapped,directions_car,Completed,"05 Workbench, canvas, and closure validation",Token now resolves to a Material icon through direct source values or the shared catalog.
ICON-206,icon-token-assignment,CanDoItAll.Modules.Workbench,src/CanDoItAll.Modules.Workbench/CanvasAdapters/ProjectStructureActionCatalogAdapter.cs,C:\repositories\CanDoItAll\src\CanDoItAll.Modules.Workbench\CanvasAdapters\ProjectStructureActionCatalogAdapter.cs,362,"new() { ActionId = ""marker:idea"", Label = ""Idea"", MenuLabel = ""Idea"", Description = ""Mark this node as an idea worth keeping visible."", Icon = ""marker-idea"", Tone = ""accent"", MenuSize = ""compact"" },",marker-idea,named token,Token source or pass-through icon assignment needs mapping review.,Mapped,lightbulb,Completed,"05 Workbench, canvas, and closure validation",Token now resolves to a Material icon through direct source values or the shared catalog.
ICON-207,icon-token-assignment,CanDoItAll.Modules.Workbench,src/CanDoItAll.Modules.Workbench/CanvasAdapters/ProjectStructureActionCatalogAdapter.cs,C:\repositories\CanDoItAll\src\CanDoItAll.Modules.Workbench\CanvasAdapters\ProjectStructureActionCatalogAdapter.cs,363,"new() { ActionId = ""marker:risk"", Label = ""Risk"", MenuLabel = ""Risk"", Description = ""Mark this node as a risk or blocker."", Icon = ""marker-risk"", Tone = ""danger"", MenuSize = ""compact"" }",marker-risk,named token,Token source or pass-through icon assignment needs mapping review.,Mapped,report_problem,Completed,"05 Workbench, canvas, and closure validation",Token now resolves to a Material icon through direct source values or the shared catalog.
ICON-208,icon-token-assignment,CanDoItAll.Modules.Workbench,src/CanDoItAll.Modules.Workbench/CanvasAdapters/ProjectStructureActionCatalogAdapter.cs,C:\repositories\CanDoItAll\src\CanDoItAll.Modules.Workbench\CanvasAdapters\ProjectStructureActionCatalogAdapter.cs,374,"Icon = ""priority"",",priority,named token,Token source or pass-through icon assignment needs mapping review.,Mapped,priority_high,Completed,"05 Workbench, canvas, and closure validation",Token now resolves to a Material icon through direct source values or the shared catalog.
ICON-209,icon-token-assignment,CanDoItAll.Modules.Workbench,src/CanDoItAll.Modules.Workbench/CanvasAdapters/ProjectStructureActionCatalogAdapter.cs,C:\repositories\CanDoItAll\src\CanDoItAll.Modules.Workbench\CanvasAdapters\ProjectStructureActionCatalogAdapter.cs,379,"new() { ActionId = ""priority:0"", Label = ""0"", MenuLabel = ""0"", Description = ""Clear the priority badge."", Icon = ""priority-0"", Tone = ""ghost"", MenuSize = ""compact"" },",priority-0,named token,Token source or pass-through icon assignment needs mapping review.,Mapped,remove_circle_outline,Completed,"05 Workbench, canvas, and closure validation",Token now resolves to a Material icon through direct source values or the shared catalog.
ICON-210,icon-token-assignment,CanDoItAll.Modules.Workbench,src/CanDoItAll.Modules.Workbench/CanvasAdapters/ProjectStructureActionCatalogAdapter.cs,C:\repositories\CanDoItAll\src\CanDoItAll.Modules.Workbench\CanvasAdapters\ProjectStructureActionCatalogAdapter.cs,380,"new() { ActionId = ""priority:1"", Label = ""1"", MenuLabel = ""1"", Description = ""Set the highest priority marker."", Icon = ""priority-1"", Tone = ""danger"", MenuSize = ""compact"" },",priority-1,named token,Token source or pass-through icon assignment needs mapping review.,Mapped,looks_one,Completed,"05 Workbench, canvas, and closure validation",Token now resolves to a Material icon through direct source values or the shared catalog.
ICON-211,icon-token-assignment,CanDoItAll.Modules.Workbench,src/CanDoItAll.Modules.Workbench/CanvasAdapters/ProjectStructureActionCatalogAdapter.cs,C:\repositories\CanDoItAll\src\CanDoItAll.Modules.Workbench\CanvasAdapters\ProjectStructureActionCatalogAdapter.cs,381,"new() { ActionId = ""priority:2"", Label = ""2"", MenuLabel = ""2"", Description = ""Set priority 2."", Icon = ""priority-2"", Tone = ""warn"", MenuSize = ""compact"" },",priority-2,named token,Token source or pass-through icon assignment needs mapping review.,Mapped,looks_two,Completed,"05 Workbench, canvas, and closure validation",Token now resolves to a Material icon through direct source values or the shared catalog.
ICON-212,icon-token-assignment,CanDoItAll.Modules.Workbench,src/CanDoItAll.Modules.Workbench/CanvasAdapters/ProjectStructureActionCatalogAdapter.cs,C:\repositories\CanDoItAll\src\CanDoItAll.Modules.Workbench\CanvasAdapters\ProjectStructureActionCatalogAdapter.cs,382,"new() { ActionId = ""priority:3"", Label = ""3"", MenuLabel = ""3"", Description = ""Set priority 3."", Icon = ""priority-3"", Tone = ""accent"", MenuSize = ""compact"" },",priority-3,named token,Token source or pass-through icon assignment needs mapping review.,Mapped,looks_3,Completed,"05 Workbench, canvas, and closure validation",Token now resolves to a Material icon through direct source values or the shared catalog.
ICON-213,icon-token-assignment,CanDoItAll.Modules.Workbench,src/CanDoItAll.Modules.Workbench/CanvasAdapters/ProjectStructureActionCatalogAdapter.cs,C:\repositories\CanDoItAll\src\CanDoItAll.Modules.Workbench\CanvasAdapters\ProjectStructureActionCatalogAdapter.cs,383,"new() { ActionId = ""priority:4"", Label = ""4"", MenuLabel = ""4"", Description = ""Set priority 4."", Icon = ""priority-4"", Tone = ""sky"", MenuSize = ""compact"" },",priority-4,named token,Token source or pass-through icon assignment needs mapping review.,Mapped,looks_4,Completed,"05 Workbench, canvas, and closure validation",Token now resolves to a Material icon through direct source values or the shared catalog.
ICON-214,icon-token-assignment,CanDoItAll.Modules.Workbench,src/CanDoItAll.Modules.Workbench/CanvasAdapters/ProjectStructureActionCatalogAdapter.cs,C:\repositories\CanDoItAll\src\CanDoItAll.Modules.Workbench\CanvasAdapters\ProjectStructureActionCatalogAdapter.cs,384,"new() { ActionId = ""priority:5"", Label = ""5"", MenuLabel = ""5"", Description = ""Set priority 5."", Icon = ""priority-5"", Tone = ""mint"", MenuSize = ""compact"" },",priority-5,named token,Token source or pass-through icon assignment needs mapping review.,Mapped,looks_5,Completed,"05 Workbench, canvas, and closure validation",Token now resolves to a Material icon through direct source values or the shared catalog.
ICON-215,icon-token-assignment,CanDoItAll.Modules.Workbench,src/CanDoItAll.Modules.Workbench/CanvasAdapters/ProjectStructureActionCatalogAdapter.cs,C:\repositories\CanDoItAll\src\CanDoItAll.Modules.Workbench\CanvasAdapters\ProjectStructureActionCatalogAdapter.cs,385,"new() { ActionId = ""priority:6"", Label = ""6"", MenuLabel = ""6"", Description = ""Set priority 6."", Icon = ""priority-6"", Tone = ""primary"", MenuSize = ""compact"" }",priority-6,named token,Token source or pass-through icon assignment needs mapping review.,Mapped,looks_6,Completed,"05 Workbench, canvas, and closure validation",Token now resolves to a Material icon through direct source values or the shared catalog.
ICON-216,icon-token-assignment,CanDoItAll.Modules.Workbench,src/CanDoItAll.Modules.Workbench/CanvasAdapters/ProjectStructureGraphAdapter.cs,C:\repositories\CanDoItAll\src\CanDoItAll.Modules.Workbench\CanvasAdapters\ProjectStructureGraphAdapter.cs,130,"Icon = node.VisualProfile.Icon,",,none,Token source or pass-through icon assignment needs mapping review.,Mapped,Dynamic material mapping,Completed,"05 Workbench, canvas, and closure validation",Expression-based icon source now renders through the shared Material icon component.
ICON-217,icon-token-assignment,CanDoItAll.Modules.Workbench,src/CanDoItAll.Modules.Workbench/CanvasAdapters/ProjectStructureValidationOverlay.cs,C:\repositories\CanDoItAll\src\CanDoItAll.Modules.Workbench\CanvasAdapters\ProjectStructureValidationOverlay.cs,21,"Icon = ""QA"",",QA,shorthand badge,Token source or pass-through icon assignment needs mapping review.,Mapped,fact_check,Completed,"05 Workbench, canvas, and closure validation",Code migration complete. dotnet build passes. Browser proof still pending.
ICON-218,icon-token-assignment,CanDoItAll.Modules.Workbench,src/CanDoItAll.Modules.Workbench/CanvasAdapters/ProjectStructureValidationOverlay.cs,C:\repositories\CanDoItAll\src\CanDoItAll.Modules.Workbench\CanvasAdapters\ProjectStructureValidationOverlay.cs,34,"Icon = ""QA"",",QA,shorthand badge,Token source or pass-through icon assignment needs mapping review.,Mapped,fact_check,Completed,"05 Workbench, canvas, and closure validation",Code migration complete. dotnet build passes. Browser proof still pending.
ICON-219,icon-token-assignment,CanDoItAll.Modules.Workbench,src/CanDoItAll.Modules.Workbench/CanvasAdapters/ProjectStructureValidationOverlay.cs,C:\repositories\CanDoItAll\src\CanDoItAll.Modules.Workbench\CanvasAdapters\ProjectStructureValidationOverlay.cs,48,"Icon = ""!"",",!,raw glyph or text icon,Token source or pass-through icon assignment needs mapping review.,Mapped,priority_high,Completed,"05 Workbench, canvas, and closure validation",Code migration complete. dotnet build passes. Browser proof still pending.
ICON-220,icon-token-assignment,CanDoItAll.Modules.Workbench,src/CanDoItAll.Modules.Workbench/Pages/ProjectStructurePage.CreateCatalog.cs,C:\repositories\CanDoItAll\src\CanDoItAll.Modules.Workbench\Pages\ProjectStructurePage.CreateCatalog.cs,33,"Icon = action.Icon,",,none,Token source or pass-through icon assignment needs mapping review.,Mapped,Dynamic material mapping,Completed,"05 Workbench, canvas, and closure validation",Expression-based icon source now renders through the shared Material icon component.
ICON-221,icon-token-assignment,CanDoItAll.Modules.Workbench,src/CanDoItAll.Modules.Workbench/Pages/ProjectStructurePage.NodeEditing.cs,C:\repositories\CanDoItAll\src\CanDoItAll.Modules.Workbench\Pages\ProjectStructurePage.NodeEditing.cs,242,"Icon = ""draw"",",draw,named token,Token source or pass-through icon assignment needs mapping review.,Mapped,draw,Completed,"05 Workbench, canvas, and closure validation",Token now resolves to a Material icon through direct source values or the shared catalog.
ICON-222,icon-token-assignment,CanDoItAll.Modules.Workbench,src/CanDoItAll.Modules.Workbench/Pages/ProjectStructurePage.razor,C:\repositories\CanDoItAll\src\CanDoItAll.Modules.Workbench\Pages\ProjectStructurePage.razor,148,"ResolveAttachmentDisplayName=""ResolveAttachmentDisplayName""",ResolveAttachmentDisplayName,expression or mixed token,Token source or pass-through icon assignment needs mapping review.,Exclude,,Excluded - false positive,"05 Workbench, canvas, and closure validation",False positive from method identifier text; no icon migration required.
ICON-223,"fontawesome-renderer, icon-css-coupling",CanDoItAll.Modules.Workbench,src/CanDoItAll.Modules.Workbench/Pages/ProjectStructurePage.razor.css,C:\repositories\CanDoItAll\src\CanDoItAll.Modules.Workbench\Pages\ProjectStructurePage.razor.css,109,".project-structure-page ::deep .cw-floating-window[data-testid=""project-structure-toolbox-window""] .cw-floating-window__action .rz-fa-icon,",,none,Renderer or helper still targets Font Awesome CSS classes.,Mapped,Material icon component,Completed,02 Local Material Icons foundation and shared renderer conversion,Code migration complete. dotnet build passes. Browser proof still pending.
ICON-224,icon-css-coupling,CanDoItAll.Modules.Workbench,src/CanDoItAll.Modules.Workbench/Pages/ProjectStructurePage.razor.css,C:\repositories\CanDoItAll\src\CanDoItAll.Modules.Workbench\Pages\ProjectStructurePage.razor.css,110,".project-structure-page ::deep .cw-floating-window[data-testid=""project-structure-toolbox-window""] .cw-floating-window__action .rz-icon-fallback {",,none,Styles are coupled to legacy icon classes or raw glyph wrappers.,Mapped,Material icon component,Completed,"05 Workbench, canvas, and closure validation",Code migration complete. dotnet build passes. Browser proof still pending.
ICON-225,"fontawesome-renderer, icon-css-coupling",CanDoItAll.Modules.Workbench,src/CanDoItAll.Modules.Workbench/Pages/ProjectStructurePage.razor.css,C:\repositories\CanDoItAll\src\CanDoItAll.Modules.Workbench\Pages\ProjectStructurePage.razor.css,213,".project-structure-toolbox__section-toggle-icon .rz-fa-icon,",,none,Renderer or helper still targets Font Awesome CSS classes.,Mapped,Material icon component,Completed,02 Local Material Icons foundation and shared renderer conversion,Code migration complete. dotnet build passes. Browser proof still pending.
ICON-226,icon-css-coupling,CanDoItAll.Modules.Workbench,src/CanDoItAll.Modules.Workbench/Pages/ProjectStructurePage.razor.css,C:\repositories\CanDoItAll\src\CanDoItAll.Modules.Workbench\Pages\ProjectStructurePage.razor.css,214,.project-structure-toolbox__section-toggle-icon .rz-icon-fallback {,,none,Styles are coupled to legacy icon classes or raw glyph wrappers.,Mapped,Material icon component,Completed,"05 Workbench, canvas, and closure validation",Code migration complete. dotnet build passes. Browser proof still pending.
ICON-227,"fontawesome-renderer, icon-css-coupling",CanDoItAll.Modules.Workbench,src/CanDoItAll.Modules.Workbench/Pages/ProjectStructurePage.razor.css,C:\repositories\CanDoItAll\src\CanDoItAll.Modules.Workbench\Pages\ProjectStructurePage.razor.css,229,".project-structure-toolbox .cw-context-toolbox__item-icon .rz-fa-icon,",,none,Renderer or helper still targets Font Awesome CSS classes.,Mapped,Material icon component,Completed,02 Local Material Icons foundation and shared renderer conversion,Code migration complete. dotnet build passes. Browser proof still pending.
ICON-228,icon-css-coupling,CanDoItAll.Modules.Workbench,src/CanDoItAll.Modules.Workbench/Pages/ProjectStructurePage.razor.css,C:\repositories\CanDoItAll\src\CanDoItAll.Modules.Workbench\Pages\ProjectStructurePage.razor.css,230,.project-structure-toolbox .cw-context-toolbox__item-icon .rz-icon-fallback {,,none,Styles are coupled to legacy icon classes or raw glyph wrappers.,Mapped,Material icon component,Completed,"05 Workbench, canvas, and closure validation",Code migration complete. dotnet build passes. Browser proof still pending.
ICON-229,"fontawesome-renderer, icon-css-coupling",CanDoItAll.Modules.Workbench,src/CanDoItAll.Modules.Workbench/Pages/ProjectStructurePage.razor.css,C:\repositories\CanDoItAll\src\CanDoItAll.Modules.Workbench\Pages\ProjectStructurePage.razor.css,427,".project-structure-node-action__icon .rz-fa-icon,",,none,Renderer or helper still targets Font Awesome CSS classes.,Mapped,Material icon component,Completed,02 Local Material Icons foundation and shared renderer conversion,Code migration complete. dotnet build passes. Browser proof still pending.
ICON-230,icon-css-coupling,CanDoItAll.Modules.Workbench,src/CanDoItAll.Modules.Workbench/Pages/ProjectStructurePage.razor.css,C:\repositories\CanDoItAll\src\CanDoItAll.Modules.Workbench\Pages\ProjectStructurePage.razor.css,428,.project-structure-node-action__icon .rz-icon-fallback {,,none,Styles are coupled to legacy icon classes or raw glyph wrappers.,Mapped,Material icon component,Completed,"05 Workbench, canvas, and closure validation",Code migration complete. dotnet build passes. Browser proof still pending.
ICON-231,"icon-component-usage, icon-token-assignment",CanDoItAll.Modules.Workbench,src/CanDoItAll.Modules.Workbench/Pages/ProjectStructureSelectionPanel.razor,C:\repositories\CanDoItAll\src\CanDoItAll.Modules.Workbench\Pages\ProjectStructureSelectionPanel.razor,273,"<Icon Name=""@action.Icon"" />",@action.Icon,dynamic expression,Shared Icon component call site needs token review after foundation change.,Mapped,Material icon component,Completed,"05 Workbench, canvas, and closure validation",Shared Icon component now renders local Material Icons.
ICON-232,"icon-component-usage, icon-token-assignment",CanDoItAll.Modules.Workbench,src/CanDoItAll.Modules.Workbench/Pages/ProjectStructureSelectionPanel.razor,C:\repositories\CanDoItAll\src\CanDoItAll.Modules.Workbench\Pages\ProjectStructureSelectionPanel.razor,326,"<Icon Name=""expand_more"" />",expand_more,named token,Shared Icon component call site needs token review after foundation change.,Mapped,expand_more,Completed,"05 Workbench, canvas, and closure validation",Shared Icon component now renders local Material Icons.
ICON-233,"icon-component-usage, icon-token-assignment",CanDoItAll.Modules.Workbench,src/CanDoItAll.Modules.Workbench/Pages/Components/ProjectStructure/ProjectStructureCanvasDialogs.razor,C:\repositories\CanDoItAll\src\CanDoItAll.Modules.Workbench\Pages\Components\ProjectStructure\ProjectStructureCanvasDialogs.razor,102,"<Icon Name=""@action.Icon"" />",@action.Icon,dynamic expression,Shared Icon component call site needs token review after foundation change.,Mapped,Material icon component,Completed,"05 Workbench, canvas, and closure validation",Shared Icon component now renders local Material Icons.
ICON-234,icon-token-assignment,CanDoItAll.Modules.Workbench,src/CanDoItAll.Modules.Workbench/Pages/Components/ProjectStructure/ProjectStructureSupportPanels.razor,C:\repositories\CanDoItAll\src\CanDoItAll.Modules.Workbench\Pages\Components\ProjectStructure\ProjectStructureSupportPanels.razor,68,"Icon = ResolveOutlineIcon(node),",,none,Token source or pass-through icon assignment needs mapping review.,Mapped,Dynamic material mapping,Completed,"05 Workbench, canvas, and closure validation",Expression-based icon source now renders through the shared Material icon component.
ICON-235,icon-token-assignment,CanDoItAll.Modules.Workbench,src/CanDoItAll.Modules.Workbench/Pages/Components/ProjectStructure/ProjectStructureToolboxWindow.razor,C:\repositories\CanDoItAll\src\CanDoItAll.Modules.Workbench\Pages\Components\ProjectStructure\ProjectStructureToolboxWindow.razor,123,"Icon = group.Actions.FirstOrDefault()?.Icon ?? ""folder"",",,none,Token source or pass-through icon assignment needs mapping review.,Mapped,Dynamic material mapping,Completed,"05 Workbench, canvas, and closure validation",Expression-based icon source now renders through the shared Material icon component.
ICON-236,icon-token-assignment,CanDoItAll.Modules.Workbench,src/CanDoItAll.Modules.Workbench/Pages/Components/ProjectStructure/ProjectStructureToolboxWindow.razor,C:\repositories\CanDoItAll\src\CanDoItAll.Modules.Workbench\Pages\Components\ProjectStructure\ProjectStructureToolboxWindow.razor,135,"Icon = action.Icon,",,none,Token source or pass-through icon assignment needs mapping review.,Mapped,Dynamic material mapping,Completed,"05 Workbench, canvas, and closure validation",Expression-based icon source now renders through the shared Material icon component.
ICON-237,external-icon-asset,CanDoItAll.Web,src/CanDoItAll.Web/Components/App.razor,C:\repositories\CanDoItAll\src\CanDoItAll.Web\Components\App.razor,11,"href=""https://cdnjs.cloudflare.com/ajax/libs/font-awesome/6.7.2/css/all.min.css""",,none,Remote Font Awesome stylesheet still linked.,Map to local asset,MaterialIcons-Regular.ttf,Completed,02 Local Material Icons foundation and shared renderer conversion,Local Material Icons font and stylesheet are now hosted in BaseLib.
ICON-238,icon-token-assignment,CanDoItAll.Web,src/CanDoItAll.Web/Components/Layout/MainLayout.razor,C:\repositories\CanDoItAll\src\CanDoItAll.Web\Components\Layout\MainLayout.razor,88,"ComponentName=""@tuningSurface.ComponentName""",@tuningSurface.ComponentName,dynamic expression,Token source or pass-through icon assignment needs mapping review.,Exclude,,Excluded - false positive,04 Non-canvas app and module icon adoption,False positive from tuning component-name parameter; no icon token migration required.
ICON-239,raw-icon-markup,CanDoItAll.Web,src/CanDoItAll.Web/Components/Layout/MainLayout.razor,C:\repositories\CanDoItAll\src\CanDoItAll.Web\Components\Layout\MainLayout.razor,255,"<span class=""dismiss"">x</span>",x,raw glyph or text icon,Literal glyph/text icon bypasses the shared icon abstraction.,Mapped,close,Completed,04 Non-canvas app and module icon adoption,Code migration complete. dotnet build passes. Browser proof still pending.
